License First Date,Facility Status,Facility Telephone Number,Facility Number,Facility State,Regional Office,Inspection Visits,Other TypeA,Citation Numbers,POC Dates,Other TypeB,,"Complaint Information - Date, #Sub Alleg, # Inc Alleg, # TypeA, # TypeB .....",Other Visits,longitude,Facility Type,Inspection Visit Dates,Facility Zip,County Name,Facility Address,All Visit Dates,Complaint Visits,Licensee,Facility Name,Facility Administrator,Facility City,latitude,Inspect TypeB,Facility Capacity,Inspect TypeA,Total Visits,Last Visit Date,Other Visit Dates,Closed Date
10/30/1996,LICENSED,(510) 758-0433,075600130,CA,15,3,2,"82065(a), 82072(a)(1), 82072, 82087(a)(3), 82019(a), 80078(a), 82088(e)(1), 82065 (f), 82087(a), 80061(a), 82088(e)(3), 82087(a), 82070(a), 82087(a), 80023 (D), 82065.1(d)(1), 82065(g)(1), 82087(a), 82069(a), 82068.2(d)(1), 82069(b)(1), 82065(f), 82064(c), 82078, 82087(a), 82070(f), 82087(a), 82087(a)","04/23/2015, 04/23/2015, 04/23/2015, 10/30/2014, 10/31/2014, 04/29/2014, 12/12/2012, 12/22/2015, 04/24/2015, 08/30/2013, 07/26/2011, 07/26/2011, 04/15/2016, 04/08/2016, 04/15/2016, 11/14/2013, 11/14/2013, 11/14/2013, 11/14/2013, 12/30/2014, 12/30/2014, 01/03/2013, 01/03/2013, 01/01/2013, 01/01/2013, 01/01/2013, 01/11/2013, 07/22/2011",9,"['1', '0', '0', '1', '07/29/2015', '0', '2', '0', '0', '05/31/2015', '5', '1', '3', '1', '03/24/2015', '0', '3', '0', '0', '10/02/2014', '0', '1', '0', '0', '09/18/2013', '1', '0', '0', '1', '11/04/2011', '0', '1', '0', '0', '07/28/2011', '1', '0', '0', '2']",12/30/2015,14,-122.333385,ADULT DAY PROGRAM,"04/11/2016, 10/30/2014, 10/31/2013",94806,CONTRA COSTA,4075 LAKESIDE DRIVE,"04/13/2016, 04/11/2016, 03/28/2016, 12/22/2015, 12/11/2015, 12/11/2015, 10/15/2015, 09/29/2015, 07/14/2015, 04/23/2015, 04/23/2015, 02/25/2015, 12/09/2014, 10/30/2014, 10/22/2014, 08/12/2014, 04/28/2014, 10/31/2013, 09/12/2013, 08/23/2013, 12/13/2012, 12/11/2012, 03/28/2012, 01/26/2012, 10/28/2011, 07/25/2011, 06/23/2011",10,CALIFORNIA AUTISM FOUNDATION;DBA A BETTER CHANCE,A BETTER CHANCE DAY PROGRAM,ADRIA CARSON,RICHMOND,37.987982,7,75,2,27,4/15/2016,"04/13/2016, 03/28/2016, 12/22/2015, 10/15/2015, 09/29/2015, 12/09/2014, 10/22/2014, 04/28/2014, 09/12/2013, 12/13/2012, 12/11/2012, 03/28/2012, 01/26/2012, 06/23/2011",
,CLOSED,(619) 741-1548,374603282,CA,08,0,0,,,0,,No Complaints,0,-116.973521,ADULT DAY PROGRAM,,91977,SAN DIEGO,3322 SWEETWATER SPRINGS #106,,0,"A BETTER LIFE TOGETHER, INC.",A BETTER LIFE TOGETHER-SPRING VALLEY,KIMBERLY WILSON-MILLS,SPRING VALLEY,32.738759,0,15,0,0,,,6/15/2012
,CLOSED,(619) 741-1548,374603385,CA,08,0,0,,,0,,No Complaints,0,-116.973521,ADULT DAY PROGRAM,,91977,SAN DIEGO,3322 SWEETWATER SPRINGS BVD106,,0,"A BETTER LIFE TOGETHER, INC.",A BETTER LIFE TOGETHER - SPRING VALLEY,KIMBERLY WILSON-MILLS,SPRING VALLEY,32.738759,0,15,0,0,,,4/22/2013
5/19/2016,LICENSED,(510) 692-1804,286803618,CA,21,0,0,,,0,,No Complaints,3,-121.839568,ADULT DAY PROGRAM,,94503,NAPA,3419 BROADWAY STREET H 4-5-6,"02/24/2016, 12/29/2015, 12/08/2015",0,"A BRIGHT FUTURE, INC.",A BRIGHT FUTURE ACADEMY,"KONAN, MAXIME",AMERICAN CANYON,39.728652,0,45,0,3,2/24/2016,"02/24/2016, 12/29/2015, 12/08/2015",
5/29/2014,LICENSED,(209) 956-3400,397005472,CA,27,0,0,,,0,,No Complaints,1,-121.360124,ADULT DAY PROGRAM,,95209,SAN JOAQUIN,3550 WAGNER HEIGHTS ROAD,05/05/2014,0,O'CONNOR WOODS HOUSEING CORPORATION,A DAY AWAY,PENNY LEAL-MALLETTE,STOCKTON,38.032072,0,15,0,1,5/5/2014,05/05/2014,
5/18/2006,LICENSED,(916) 393-9682,347003578,CA,27,2,0,"80078(a) , 80054(c)(1) , 82074(c)","02/18/2016, 02/18/2016, 06/18/2013",0,"['0', '1', '0', '0', '03/01/2016', '1', '0', '2', '0', '01/02/2015', '0', '1', '0', '0', '07/22/2013', '1', '0', '0', '1', '12/28/2011', '0', '1', '0', '0']",04/21/2016,12,-121.519137,ADULT DAY PROGRAM,"03/23/2016, 04/22/2014",95831,SACRAMENTO,7395 GREENHAVEN DRIVE,"04/06/2016, 03/24/2016, 03/23/2016, 02/17/2016, 02/17/2016, 10/30/2015, 07/21/2015, 07/13/2015, 10/24/2014, 04/24/2014, 04/22/2014, 11/14/2013, 06/18/2013, 01/29/2013, 10/26/2012, 01/12/2012, 11/28/2011, 10/19/2011, 06/22/2011, 06/20/2011",6,"MITCHELL, CAROLYN",A FAMILY AFFAIR BRIDGES,"MITCHELL, CAROLYN",SACRAMENTO,38.491589,0,100,0,20,4/6/2016,"03/24/2016, 10/30/2015, 07/21/2015, 07/13/2015, 04/24/2014, 11/14/2013, 01/29/2013, 10/26/2012, 01/12/2012, 10/19/2011, 06/22/2011, 06/20/2011",
10/23/2008,LICENSED,(916) 919-4590,347004236,CA,27,2,0,"82078 , 82072(a)(2), 82061(a)(1)(D), 82088 (h) ","11/13/2014, 11/17/2014, 11/17/2014, 01/09/2012",0,"['2', '0', '1', '2']",12/10/2014,5,-118.203623,ADULT DAY PROGRAM,"07/12/2013, 12/08/2011",95817,SACRAMENTO,3525 BROADWAY,"04/15/2016, 07/23/2015, 11/07/2014, 09/05/2013, 07/12/2013, 04/17/2013, 06/18/2012, 12/08/2011",1,"MITCHELL, CAROLYN R.",A FAMILY AFFAIR CONNECTION,"MITCHELL, CAROLYN",SACRAMENTO,33.964668,1,30,0,8,4/15/2016,"04/15/2016, 07/23/2015, 09/05/2013, 04/17/2013, 06/18/2012",
10/23/2008,LICENSED,(916) 456-2451,347004235,CA,27,3,0,"80074(g)(1)(H), 80087(a), 80020(a), 82075(f), 80087(a), 82088 (h) ","09/21/2015, 09/25/2015, 09/18/2015, 07/26/2013, 02/05/2016, 01/09/2012",2,,No Complaints,5,-121.467595,ADULT DAY PROGRAM,"12/10/2015, 09/18/2015, 07/12/2013",95817,SACRAMENTO,3521 BROADWAY,"02/02/2016, 02/02/2016, 12/10/2015, 09/18/2015, 07/12/2013, 12/08/2011, 11/29/2011, 06/10/2011",0,"MITCHELL, CAROLYN R.",A FAMILY AFFAIR CONNECTION,"MITCHELL, CAROLYN",SACRAMENTO,38.551064,4,30,0,8,2/2/2016,"02/02/2016, 02/02/2016, 12/08/2011, 11/29/2011, 06/10/2011",
,PENDING,(916) 919-4590,237005678,CA,27,0,0,,,0,,No Complaints,1,-121.308397,ADULT DAY PROGRAM,,95827,MENDOCINO,10395 OLD PLACERVILLE RD 200,05/20/2016,0,A FAMILY AFFAIR CONNECTION INC,A FAMILY AFFAIR CONNECTION INC,"MITCHELL, KASSIA",SACRAMENTO,38.569383,0,30,0,1,5/20/2016,05/20/2016,
3/16/2009,LICENSED,(530) 622-3172,097004240,CA,27,3,0,"82023(d), 82068(c), 82088(e)(1), 82069(a) ","07/10/2014, 07/17/2014, 07/17/2014, 07/17/2014",0,,No Complaints,3,-120.829892,ADULT DAY PROGRAM,"04/12/2016, 04/08/2016, 07/03/2014",95667,EL DORADO,4282 GOLDEN CENTER ROAD,"04/12/2016, 04/08/2016, 07/16/2015, 06/04/2015, 07/03/2014, 01/05/2012",0,"A FAMILY AFFAIR CONNECTION, INC",A FAMILY AFFAIR CONNECTIONS-PLACERVILLE,"MITCHELL, CAROLYN",PLACERVILLE,38.706759,4,45,0,6,4/12/2016,"07/16/2015, 06/04/2015, 01/05/2012",
7/23/2010,CLOSED,(916) 802-6336,317004612,CA,27,1,0,,,0,,No Complaints,0,-120.82717,ADULT DAY PROGRAM,06/02/2015,95619,PLACER,6590 COMMERCE WAY,06/02/2015,0,"A FAMILY AFFAIR CONNECTIONS, INC.",A FAMILY AFFAIR CONNECTIONS INC.,"MITCHELL, CAROLYN",DIAMOND SPRINGS,38.692701,0,30,0,1,6/2/2015,,6/2/2015
12/20/2010,CLOSED,(916) 395-3788,019200396,CA,15,1,0,,,0,,No Complaints,0,-122.2732,ADULT DAY PROGRAM,12/01/2015,94501,ALAMEDA,841 MARINA VILLAGE PARKWAY,12/01/2015,0,"A FAMILY AFFAIR CONNECTION, INC.","A FAMILY AFFAIR CONNECTION, INC.",KASSIA MITCHELL-LUCERO,ALAMEDA,37.783726,0,15,0,1,12/1/2015,,12/1/2015
12/11/2013,LICENSED,(310) 227-1834,198601685,CA,28,0,0,,,0,,No Complaints,4,-118.343811,ADULT DAY PROGRAM,,90301,LOS ANGELES,693 S. LA BREA AVENUE,"01/28/2016, 10/08/2013, 07/05/2013, 05/24/2013",0,"R.L. HARIS-WORTHAM, INC.",A HEALTHIER CHOICE DAY PROGRAM,GEORGE MCFARLAND,INGLEWOOD,34.054035,0,45,0,4,1/28/2016,"01/28/2016, 10/08/2013, 07/05/2013, 05/24/2013",
12/3/2009,CLOSED,(909) 798-6767,366424410,CA,18,1,0,,,0,,No Complaints,1,-117.188172,ADULT DAY PROGRAM,12/21/2011,92373,SAN BERNARDINO,140 S. SAN MATEO ST.,"12/21/2011, 06/07/2011",0,"A HOME AWAY FROM HOME CARE SERVICES, LLC",A HOME AWAY FROM HOME,"QUIGLEY, MICHELLE",REDLANDS,34.035333,0,6,0,2,6/7/2011,06/07/2011,5/11/2012
2/22/2012,LICENSED,(408) 900-8940,435202286,CA,26,2,0,"82065(e), 82069(b)(1), 82068.3(a), 82068.3(a), 82072(a)(3), 82065(e)","07/19/2013, 02/20/2014, 03/12/2014, 09/05/2014, 09/05/2014, 09/05/2014",3,"['1', '2', '1', '0']",08/05/2013,5,-121.986215,ADULT DAY PROGRAM,"02/17/2015, 02/19/2014",95051,SANTA CLARA,3269 KIFER RD.,"02/25/2015, 02/17/2015, 10/24/2014, 08/29/2014, 02/19/2014, 07/18/2013, 07/18/2013, 10/10/2012, 11/08/2011",2,JP PHAM CORPORATION,A & T TRAINING CENTER,ALLISON NGO,SANTA CLARA,37.37468,1,100,1,9,7/29/2015,"02/25/2015, 10/24/2014, 08/29/2014, 10/10/2012, 11/08/2011",
5/25/2006,LICENSED,(707) 462-3283,236801916,CA,21,3,0,,,0,,No Complaints,0,-118.267513,ADULT DAY PROGRAM,"05/11/2016, 06/18/2015, 04/23/2012",95482,MENDOCINO,"564 S. DORA STREET, STE B","05/11/2016, 06/18/2015, 04/23/2012",0,"ASSOCIATION OF BEHAVIOR CONSULTANTS, INC.","ABC DAY PROGRAMS, MENDOCINO","ANDERSON, LINDA",UKIAH,34.162266,0,30,0,3,5/11/2016,,
8/20/1993,LICENSED,(650) 494-0550,430707208,CA,26,3,0,"82072(a)(2), 82087, 80061(b)(","05/22/2014, 05/21/2014, 05/15/2014",0,"['2', '0', '2', '1']",07/16/2014,3,-122.111864,ADULT DAY PROGRAM,"08/19/2015, 08/19/2014, 07/30/2013",94303,SANTA CLARA,3864 MIDDLEFIELD ROAD,"12/28/2015, 08/19/2015, 08/19/2014, 07/02/2014, 05/21/2014, 05/08/2014, 07/30/2013, 07/19/2012",2,ABILITIES UNITED,ABILITIES UNITED L.E.A.R.N.,SOHEILA MOZAYAN,PALO ALTO,37.421072,0,53,0,8,12/28/2015,"12/28/2015, 07/02/2014, 07/19/2012",
,PENDING,(626) 449-5661,198602059,CA,28,0,0,,,0,,No Complaints,2,-118.08619,ADULT DAY PROGRAM,,91107,LOS ANGELES,201 S. KINNELOA AVENUE,"07/20/2015, 08/05/2015",0,ABILITY FIRST,ABILITY FIRST-LAWRENCE L. FRANK CENTER,KELLY PRIVITT,PASADENA,34.142826,0,36,0,2,8/5/2015,"07/20/2015, 08/05/2015",
8/10/1994,LICENSED,(510) 531-3323,011441112,CA,15,1,2,"80078(a), ?1568.092","03/10/2016, 04/23/2014",0,,No Complaints,9,-122.202258,ADULT DAY PROGRAM,11/30/2012,94602,ALAMEDA,4500 LINCOLN AVENUE,"04/29/2016, 03/10/2016, 08/05/2015, 04/23/2014, 06/27/2013, 11/30/2012, 10/24/2012, 07/20/2012, 01/27/2012, 09/08/2011",0,"ABILITY NOW BAY AREA, INC.","ABILITY NOW BAY AREA, INC.","LESLIE WEROSH, MPA",OAKLAND,37.808736,0,100,0,10,4/29/2016,"04/29/2016, 03/10/2016, 08/05/2015, 04/23/2014, 06/27/2013, 10/24/2012, 07/20/2012, 01/27/2012, 09/08/2011",
,CLOSED,(909) 621-4727,198602054,CA,28,0,0,,,0,,No Complaints,1,-117.720592,ADULT DAY PROGRAM,,91711,LOS ANGELES,480 S INDIAN HILL BLVD,12/17/2015,0,ABILITYFIRST,ABILITYFIRST,KELLY PRIVITT,CLAREMONT,34.084568,0,24,0,1,12/17/2015,12/17/2015,4/13/2016
6/5/2013,CLOSED,(323) 753-3101,198601651,CA,28,0,0,,,0,,No Complaints,2,-118.32853,ADULT DAY PROGRAM,,90043,LOS ANGELES,7860 10TH AVENUE,"09/21/2015, 05/30/2013",0,ABILITYFIRST,ABILITYFIRST,MONIQUE WATTS,LOS ANGELES,33.967734,0,26,0,2,9/21/2015,"09/21/2015, 05/30/2013",4/16/2015
12/12/1986,LICENSED,(562) 426-6161,191600097,CA,28,1,1,82072 (a)(2),11/28/2012,0,,No Complaints,2,-118.148518,ADULT DAY PROGRAM,09/21/2012,90815,LOS ANGELES,3770 E WILLOW STREET,"11/14/2012, 09/21/2012, 06/08/2012",0,CRIPPLED CHILDREN'S SOCIETY,ABILITYFIRST LONG BEACH CENTER ADULT DAY PROGRAM,"SCHLOSSER, BARBARA",LONG BEACH,33.803715,0,40,0,3,11/14/2012,"11/14/2012, 06/08/2012",
9/21/2011,CLOSED,(714) 546-6727,306004283,CA,22,2,0,,,0,,No Complaints,2,-117.8693,ADULT DAY PROGRAM,"09/24/2014, 10/21/2013",92626,ORANGE,1060 PAULARINO AVENUE,"09/10/2015, 09/24/2014, 10/21/2013, 08/21/2012",0,ABILITY FIRST,ABILITYFIRST NEWPORT MESA ADULT DAY PROGRAM,JOY THOMAS,COSTA MESA,33.678785,0,15,0,4,9/10/2015,"09/10/2015, 08/21/2012",9/11/2015
,PENDING,(916) 276-6777,317005948,CA,23,0,0,,,0,,No Complaints,1,-121.226879,ADULT DAY PROGRAM,,95661,PLACER,8200 SIERRA COLLEGE D,06/02/2016,0,AMITIS POURARIAN,ABLE,"POURARIAN, AMITIS",ROSEVILLE,38.745825,0,30,0,1,6/2/2016,06/02/2016,
,CLOSED,(530) 868-5570,045002535,CA,25,0,0,,,0,,No Complaints,0,-121.65335,ADULT DAY PROGRAM,,95917,BUTTE,753 BIGGS E. HIGHWAY,,0,"LATHAM, SHIRLEEN",ABOVE AND BEYOND DAY PROGRAM,JOLEEN JOHNSON,BIGGS,39.415652,0,24,0,0,,,5/22/2014
6/23/2010,CLOSED,(916) 285-0813,347004472,CA,27,0,0,,,0,,No Complaints,0,-121.529789,ADULT DAY PROGRAM,,95835,SACRAMENTO,120 CARAVAGGIO CIRCLE,,0,ABSOLUTE CARE ADULT DAY PROGRAM INC.,ABSOLUTE CARE ADULT DAY PROGRAM,"FREEMAN, BENNIE JR.",SACRAMENTO,38.677747,0,30,0,0,5/13/2010,,7/20/2011
2/4/2008,LICENSED,(559) 225-6370,107204023,CA,24,1,2,"82061, 82064, 82036(a), 80087(c), 82072(a)(1), 82087(a)","11/15/2013, 12/06/2013, 11/14/2014, 02/07/2013, 11/14/2014, 02/07/2013",0,"['1', '0', '0', '1', '11/21/2013', '1', '0', '2', '0', '02/14/2013', '1', '0', '0', '1']",11/12/2014,12,-119.854083,ADULT DAY PROGRAM,01/19/2012,93711,FRESNO,3433 WEST SHAW AVE. #101,"06/01/2016, 12/07/2015, 11/18/2015, 10/27/2015, 01/22/2015, 11/06/2014, 11/06/2014, 09/15/2014, 07/17/2014, 01/29/2014, 11/15/2013, 06/11/2013, 02/07/2013, 02/07/2013, 02/07/2013, 09/06/2012, 01/19/2012",4,ACCESS COMMUNITY SERVICES,ACCESS SPECIALIZED TREATMENT PROGRAM,"KENDALL, RICHARD",FRESNO,36.806295,0,45,0,17,6/1/2016,"06/01/2016, 12/07/2015, 11/18/2015, 10/27/2015, 01/22/2015, 11/06/2014, 09/15/2014, 07/17/2014, 01/29/2014, 06/11/2013, 02/07/2013, 09/06/2012",
6/18/1999,CLOSED,(209) 475-0791,397001249,CA,27,1,0,"82088(e)(1), 82019(e)(1), 82019(e)(2) , 82065.1(d)(1)","05/22/2013, 05/22/2013, 05/24/2013, 06/11/2013",0,,No Complaints,4,-121.335869,ADULT DAY PROGRAM,05/21/2013,95207,SAN JOAQUIN,1708 W. HAMMER LANE,"03/24/2016, 09/27/2013, 05/22/2013, 05/21/2013, 09/20/2012",0,ASSOCIATION FOR RETARDED CITIZENS - S.J.,ACCESS STOCKTON,MIA CHATMAN,STOCKTON,38.020735,2,42,2,5,3/24/2016,"03/24/2016, 09/27/2013, 05/22/2013, 09/20/2012",4/1/2015
,CLOSED,(209) 475-0791,397005338,CA,27,0,0,,,0,,No Complaints,0,-121.307687,ADULT DAY PROGRAM,,95207,SAN JOAQUIN,41 W YOKUTS AVE,,0,"ARC SAN JOAQUIN- ACCESS STOCKTON, THE",ACCESS STOCKTON,MIA CHATMAN,STOCKTON,37.998779,0,42,0,0,,,12/16/2013
11/18/2003,LICENSED,(760) 505-2870,374601713,CA,08,2,0,82065.1(d)(1),09/28/2015,0,,No Complaints,0,-117.225726,ADULT DAY PROGRAM,"09/14/2015, 10/30/2014",92084,SAN DIEGO,1591-B E. VISTA WAY,"09/14/2015, 10/30/2014",0,ACCESS UNLIMITED INC.,ACCESS UNLIMITED INC.,MARITZA HERNANDEZ-CLAY,VISTA,33.22285,1,30,0,2,9/14/2015,,
12/29/1998,LICENSED,(916) 564-6117,347001222,CA,27,2,1,82078,11/03/2015,0,,No Complaints,2,-121.41343,ADULT DAY PROGRAM,"11/02/2015, 09/25/2013",95825,SACRAMENTO,"1250 HOWE AVE, UNIT 14B","11/19/2015, 11/02/2015, 11/02/2015, 09/25/2013",0,EASTER SEAL SOCIETY OF SUPERIOR CALIFORNIA,ACE-IT I,SUE HARRIS,SACRAMENTO,38.587868,0,36,0,4,11/19/2015,"11/02/2015, 11/19/2015",
10/6/1989,LICENSED,(916) 962-2766,340312462,CA,27,1,0,"82092.1, 82088(e)(1), 82092.2","08/14/2014, 08/15/2014, 04/24/2015",1,"['0', '1', '0', '0']",11/25/2014,3,-121.263736,ADULT DAY PROGRAM,08/13/2014,95610,SACRAMENTO,"8089 MADISON AVE, SUITE 4","04/09/2015, 11/24/2014, 08/13/2014, 01/17/2014, 09/25/2013",1,SACRAMENTO AREA EASTER SEAL SOCIETY,ACE-IT II,"HARRIS, SUE",CITRUS HEIGHTS,38.665583,1,60,1,5,4/9/2015,"04/09/2015, 01/17/2014, 09/25/2013",
6/1/1998,LICENSED,(530) 673-4585,515000625,CA,25,1,0,,,0,"['0', '1', '0', '0', '06/09/2011', '0', '1', '0', '0']",07/24/2012,3,-118.117693,ADULT DAY PROGRAM,07/08/2013,95993,SUTTER,"1670 SIERRA AVE, SUITE 601","07/08/2013, 07/08/2013, 04/30/2012, 09/15/2011, 08/19/2011",1,EASTER SEAL SOCIETY OF SUPERIOR CALIFORNIA,ACE-IT III,AMY FULK,YUBA CITY,34.174769,0,60,0,5,7/8/2013,"07/08/2013, 09/15/2011, 08/19/2011",
6/16/1995,LICENSED,(661) 721-3220,157200175,CA,24,2,3,"82075(a), 82065(a), 82054(c), 82087(a)","09/21/2012, 09/21/2012, 09/18/2012, 11/07/2014",0,,No Complaints,1,-119.244138,ADULT DAY PROGRAM,"10/27/2014, 06/04/2012",93215,KERN,612 MAIN STREET,"10/27/2014, 09/18/2012, 06/04/2012",0,DELANO ASSOC. FOR THE DEVELOPMENT DISABLED,ACES,"IRVING, CONNIE",DELANO,35.7643,1,90,0,3,10/27/2014,09/18/2012,
7/19/1990,LICENSED,(661) 721-3222,150406303,CA,24,3,0,"82075(b), 82088(e)(1), 82075(i)(7), 82087(a), 82088(e)(3), 82064(d), 82075(f)","05/13/2016, 09/04/2013, 05/13/2016, 05/14/2016, 09/11/2013, 08/16/2011, 08/16/2011",0,,No Complaints,3,-119.246077,ADULT DAY PROGRAM,"05/06/2016, 09/03/2013, 08/02/2011",93215,KERN,531 HIGH STREET,"05/06/2016, 04/10/2014, 12/06/2013, 12/06/2013, 09/03/2013, 08/02/2011",0,"DELANO ASSN. FOR THE DEVELOPMENTALLY DISABLED, INC","ACHIEVEMENT CENTER, THE","BOLANOS, MARIO",DELANO,35.766715,5,60,2,6,5/6/2016,"04/10/2014, 12/06/2013, 12/06/2013",
1/5/2011,LICENSED,(805) 543-0412,405801725,CA,29,1,0,"82068(a) , 82068.2(d)(1)","03/20/2012, 03/20/2012",0,,No Complaints,9,-120.663255,ADULT DAY PROGRAM,03/06/2012,93401,SAN LUIS OBISPO,553 HIGUERA STREET,"11/19/2015, 09/14/2015, 01/22/2015, 01/15/2015, 12/18/2014, 09/09/2014, 09/09/2014, 10/23/2013, 04/04/2012, 03/06/2012",0,"ACHIEVEMENT HOUSE, INC","ACHIEVEMENT HOUSE, INC",TRACI HOLLINGER,SAN LUIS OBISPO,35.279466,2,60,0,10,11/19/2015,"11/19/2015, 09/14/2015, 01/22/2015, 01/15/2015, 12/18/2014, 09/09/2014, 09/09/2014, 10/23/2013, 04/04/2012",
7/27/2011,LICENSED,(562) 982-0252,306004318,CA,28,0,0,,,0,,No Complaints,1,-118.149059,ADULT DAY PROGRAM,,90804,ORANGE,3626 E. PACIFIC COAST HIGHWAY,07/22/2011,0,"ARTS & SERVICES FOR DISABLED, INC.",ACHIEVING RESULTS TOGETHER,HELEN DOLAS,LONG BEACH,33.789541,0,48,0,1,7/22/2011,07/22/2011,
3/4/1991,CLOSED,(562) 982-0247,191601161,CA,22,0,0,,,0,,No Complaints,0,-118.098972,ADULT DAY PROGRAM,,90808,LOS ANGELES,3962 STUDEBAKER #206,,0,"ARTS AND SERVICES FOR DISABLED, INC.",ACHIEVING RESULTS TOGETHER (A.R.T.),MONICA RITSON FERNANDEZ,LONG BEACH,33.829726,0,45,0,0,2/27/2009,,7/28/2011
5/8/2009,CLOSED,(619) 409-4100,374602830,CA,08,1,0,80070 B ,05/09/2014,0,,No Complaints,0,-117.081661,ADULT DAY PROGRAM,05/05/2014,91910,SAN DIEGO,344 F STREET SUITE 101,05/05/2014,0,"ASSOCIATION FOR COMMUNITY INDEPENDENCE, INC",ACI,"ANDERSON, TAMARA",CHULA VISTA,32.640482,1,45,0,1,5/5/2014,,5/7/2015
5/7/2015,LICENSED,(619) 409-4100,374603621,CA,08,0,0,,,0,,No Complaints,1,-117.047298,ADULT DAY PROGRAM,,91910,SAN DIEGO,"296 H STREET, #101",12/18/2014,0,"ASSOCIATION FOR COMMUNITY INDEPENDENCE, INC.",ACI,TAMARA ANDERSON,CHULA VISTA,32.629518,0,60,0,1,12/18/2014,12/18/2014,
3/6/1995,LICENSED,(818) 762-4365,197600306,CA,31,2,1,"82070(a)(1)(3), 82075(l)(5), 82066(a)(10)","11/12/2012, 01/21/2016, 01/21/2016",0,"['0', '1', '0', '0']",11/15/2012,3,-118.405076,ADULT DAY PROGRAM,"01/07/2016, 01/29/2013",91606,LOS ANGELES,6456 WHITSETT AVE.,"01/07/2016, 01/29/2013, 11/09/2012, 09/12/2012, 09/12/2012, 08/15/2012",1,ARC ACTIVITIES FOR RETARDED CHILDREN AND ADULTS,ACTIVITIES FOR RETARDED CHILDREN AND ADULTS,"SCHALLERT, MARY",NORTH HOLLYWOOD,34.188255,2,36,0,6,1/7/2016,"11/09/2012, 09/12/2012, 08/15/2012",
8/9/2010,LICENSED,(559) 920-3939,547202416,CA,24,1,2,"82054(c)(a), 8, 80075(f)","04/26/2012, 04/26/2012, 06/01/2015",0,,No Complaints,1,-121.862564,ADULT DAY PROGRAM,05/20/2015,93274,TULARE,1149 E. BATAVIA COURT,"05/20/2015, 04/19/2012",0,"GAITHER, HENRIETTA",ADULT ACHIEVEMENT CENTER,"RACKLEY, KRISTIE D",TULARE,37.679817,1,45,0,2,5/20/2015,04/19/2012,
7/20/2006,LICENSED,(530) 878-8912,317003600,CA,27,1,0,,,0,,No Complaints,9,-118.93564,ADULT DAY PROGRAM,03/04/2014,95722,PLACER,16825 PLACER HILLS RD. ROOM 20,"06/24/2015, 06/24/2015, 12/03/2014, 04/09/2014, 04/09/2014, 03/12/2014, 03/04/2014, 05/15/2013, 07/13/2011, 06/30/2011",0,PLACER ARC,ADULT ACHIEVEMENT CENTER,CINDY CUFFE,MEADOW VISTA,35.404944,0,80,0,10,6/24/2015,"06/24/2015, 06/24/2015, 12/03/2014, 04/09/2014, 04/09/2014, 03/12/2014, 05/15/2013, 07/13/2011, 06/30/2011",
6/22/2004,LICENSED,(626) 966-2857,198600359,CA,28,3,0,,,0,,No Complaints,1,-118.339526,ADULT DAY PROGRAM,"04/15/2013, 09/14/2012, 07/29/2011",91723,LOS ANGELES,344 SOUTH CITRUS AVENUE,"08/16/2013, 04/15/2013, 09/14/2012, 07/29/2011",0,"ADULT BASIC LEARNING ENVIRONMENT, INC.",ADULT BASIC LEARNING ENVIRONMENT,MONIKA LOZANA,COVINA,34.067566,0,45,0,4,8/16/2013,08/16/2013,
5/6/1997,LICENSED,(818) 842-4933,197601249,CA,31,1,0,"82075(a), 82087(a)","03/15/2012, 04/05/2012",0,"['0', '2', '0', '0']",09/26/2013,0,-118.316932,ADULT DAY PROGRAM,03/08/2012,91502,LOS ANGELES,204 N. VICTORY BLVD.,"07/05/2013, 07/05/2013, 03/08/2012",2,"ADULT BASIC LEARNING ENVIRONMENT, INC.","ADULT BASIC LEARNING ENVIRONMENT,  INC",REGINA JASO,BURBANK,34.17517,1,30,1,3,7/5/2013,,
7/6/1988,LICENSED,(909) 797-0168,360908714,CA,18,2,1,"82078, 82072 a(3), 82078","09/30/2011, 09/30/2011, 12/02/2011",0,"['1', '0', '2', '0']",10/03/2011,5,-117.053017,ADULT DAY PROGRAM,"07/11/2014, 04/29/2013",92399,SAN BERNARDINO,34453 YUCAIPA BLVD.,"07/11/2014, 04/29/2013, 01/22/2013, 12/13/2012, 12/01/2011, 09/29/2011, 09/29/2011, 09/23/2011",1,"ADULT BASIC LEARNING ENVIRONMENT, INC.","ADULT BASIC LEARNING ENVIRONMENT, INC.",LARONDA SAXON,YUCAIPA,34.035121,0,30,0,8,7/11/2014,"01/22/2013, 12/13/2012, 12/01/2011, 09/29/2011, 09/23/2011",
10/30/1995,LICENSED,(909) 335-3030,366400732,CA,18,2,0,"82087(a)(3), 82087(a), 82087(a)(3), 82069, 82087(a), 80087(e), 82088(e)(1), 82087(a), 80087, 80088, 82075, 80087, 80087, 80065(i)(2), 82076, 80070 (d), 80078 , 82087(a), 82087(a), 82065.5","08/06/2014, 08/22/2014, 08/06/2014, 08/15/2014, 08/22/2014, 08/06/2014, 08/15/2014, 08/22/2014, 01/19/2012, 01/19/2012, 01/19/2012, 01/19/2012, 01/19/2012, 12/20/2011, 01/19/2012, 01/19/2012, 01/19/2012, 03/20/2015, 03/20/2015, 12/26/2014",3,"['0', '2', '0', '0', '09/10/2015', '0', '3', '0', '0', '04/07/2015', '0', '1', '0', '0']",10/09/2015,4,-122.094584,ADULT DAY PROGRAM,"08/05/2014, 12/20/2011",92374,SAN BERNARDINO,1910 ORANGETREE LANE SUITE 340,"07/09/2015, 02/24/2015, 01/16/2015, 12/18/2014, 12/18/2014, 08/28/2014, 08/05/2014, 01/26/2012, 12/20/2011",3,"ADULT BASIC LEARNING ENVIRONMENT, INC.","ADULT BASIC LEARNING ENVIRONMENT, INC.",CAROL SANTA CRUZ,REDLANDS,37.36762,11,45,6,9,7/9/2015,"02/24/2015, 12/18/2014, 08/28/2014, 01/26/2012",
2/1/1990,LICENSED,(626) 858-5267,191592637,CA,28,3,0,,,0,"['0', '1', '0', '0']",08/27/2012,0,-117.898119,ADULT DAY PROGRAM,"01/16/2014, 02/04/2013, 03/02/2012",91723,LOS ANGELES,452 W. BADILLO ST.,"01/16/2014, 02/04/2013, 07/09/2012, 03/02/2012",1,ADULT BASIC LEARNING ENVIRONMENT II,"ADULT BASIC LEARNING ENVIRONMENT, INC.",LUCY JIMENEZ,COVINA,34.085953,0,30,0,4,1/16/2014,,
5/10/1999,LICENSED,(562) 602-2818,197802692,CA,28,1,0,"80087(g) , 80088(f) , 80019(e)(3), 82087(a), 82088(e)(3), 80088(e)(1) , 82061(a)(1)(D) ","03/21/2014, 03/22/2014, 03/22/2014, 04/04/2014, 04/04/2014, 03/25/2014, 04/24/2015",1,"['1', '1', '0', '0']",02/27/2016,4,-118.153927,ADULT DAY PROGRAM,03/21/2014,90805,LOS ANGELES,"3255 SOUTH STREET, #202","02/25/2016, 02/25/2016, 02/25/2016, 04/24/2015, 05/05/2014, 04/11/2014, 04/04/2014, 03/21/2014",3,"ADULT BASIC LEARNING ENVIRONMENT, INC.","ADULT BASIC LEARNING ENVIRONMENT, INC.",QUIYANA WILLIAMS,LONG BEACH,33.861171,3,45,3,8,2/25/2016,"04/24/2015, 05/05/2014, 04/11/2014, 04/04/2014",
6/19/2001,LICENSED,(818) 550-8400,197603293,CA,31,2,0,"82019(e)(2), 82087(a)(3), 82065(g)(1)","12/17/2012, 12/17/2012, 12/31/2012",0,,No Complaints,1,-118.157121,ADULT DAY PROGRAM,"12/17/2012, 08/04/2011",91202,LOS ANGELES,320 WEST COLORADO BLVD.,"03/12/2013, 12/17/2012, 08/04/2011",0,"ADULT BASIC LEARNING ENVIRONMENT, INC.","ADULT BASIC LEARNING ENVIRONMENT, INC.","RUNTU, RAMAMITA",GLENDALE,34.145201,1,45,2,3,3/12/2013,03/12/2013,
5/13/1996,LICENSED,(661) 393-8871,157200314,CA,24,1,0,"82068.2(d)-(g), 82075(l)(7)","01/15/2016, 11/06/2015",0,"['1', '0', '0', '1']",02/22/2016,0,-119.064092,ADULT DAY PROGRAM,10/28/2015,93308,KERN,5500 OLIVE DR.,"10/28/2015, 01/08/2016",1,ALZHEIMER'S DISEASE ASSOCIATION OF KERN COUNTY,ADULT DAY CARE CENTER,"EUCCE, BRENDA",BAKERSFIELD,35.413097,1,45,0,2,1/8/2016,,
7/3/1997,CLOSED,(707) 994-2829,176800488,CA,21,1,0,,,0,,No Complaints,0,-122.644015,ADULT DAY PROGRAM,08/28/2013,95422,LAKE,14310 MEMORY LANE,08/28/2013,0,TRIPLE S INSTITUTE,ADULT DAY CARE RESPITE OF LAKE COUNTY,"JOHNSON, JENNY",CLEARLAKE,38.962257,0,15,0,1,8/28/2013,,7/1/2014
6/19/2014,LICENSED,(707) 350-3030,176803509,CA,21,0,0,,,0,,No Complaints,2,-122.644015,ADULT DAY PROGRAM,,95422,LAKE,14310 MEMORY LANE,"05/29/2014, 06/11/2014",0,"ELDER DAY SERVICES OF LAKE COUNTY CA, INC.","ADULT DAY CENTER, CLEARLAKE",JENNY JOHNSON,CLEARLAKE,38.962257,0,15,0,2,6/11/2014,"05/29/2014, 06/11/2014",
6/19/2014,LICENSED,(707) 350-3030,176803510,CA,21,0,0,,,0,,No Complaints,2,-122.614989,ADULT DAY PROGRAM,,95461,LAKE,21256 WASHINGTON STREET,"05/29/2014, 06/05/2014",0,"ELDER DAY SERVICES OF LAKE COUNTY CA, INC.","ADULT DAY CENTER, MIDDLETOWN",JENNY JOHNSON,MIDDLETOWN,38.750107,0,13,0,2,6/5/2014,"05/29/2014, 06/05/2014",
3/4/2014,LICENSED,(916) 276-5337,317005272,CA,27,1,0,82075(f),07/30/2014,0,"['0', '1', '0', '0']",11/20/2015,1,-121.216222,ADULT DAY PROGRAM,06/30/2014,95677,PLACER,"2520 WARREN DRIVE, STE B","11/04/2015, 06/30/2014, 02/10/2014",1,"ADULT DAY EXPERIENCES, INC",ADULT DAY EXPERIENCES TOO,ASHLI E. KACKLE,ROCKLIN,38.79787,1,30,0,3,11/4/2015,02/10/2014,
2/22/2010,LICENSED,(916) 632-2332,317004491,CA,27,1,0,"82075(f), 82087(a)","07/30/2014, 07/14/2014",0,,No Complaints,2,-121.216863,ADULT DAY PROGRAM,06/30/2014,95677,PLACER,"2510 WARREN DRIVE, SUITE A","06/30/2014, 06/13/2012, 06/11/2012",0,"GAUDET, ADRIENE",ADULT DAY EXPERIENCES (ADE),RHONDA M MANCEBO,ROCKLIN,38.797464,2,30,0,3,6/30/2014,"06/13/2012, 06/11/2012",
8/2/1993,LICENSED,(310) 532-6271,191670621,CA,28,1,0,"82061(c), 82072(a)(10), 82087(a)(3), 82079(a), 82087(a) , 82088(e)(3) ","05/20/2016, 05/20/2016, 06/24/2015, 07/01/2015, 08/24/2015, 08/24/2015",0,"['1', '0', '0', '2', '10/19/2015', '4', '0', '0', '4']",05/14/2016,2,-118.298479,ADULT DAY PROGRAM,05/08/2012,90247,LOS ANGELES,13515 SO. VERMONT AVE.,"05/11/2016, 03/16/2016, 06/24/2015, 09/20/2013, 02/08/2013, 05/08/2012",3,ASSOCIATION FOR RETARDED CITIZENS - SOUTH BAY,ADULT DEVELOPMENT CENTER-GARDENA,"CRAWFORD, EDYTHE M.",GARDENA,33.908727,0,77,0,6,5/11/2016,"09/20/2013, 02/08/2013",
3/10/1988,LICENSED,(310) 318-9343,191600461,CA,28,1,0,,,0,,No Complaints,0,-118.394206,ADULT DAY PROGRAM,02/24/2015,90254,LOS ANGELES,710 PIER AVE.,02/24/2015,0,ASSOCIATION FOR RETARDED CITIZENS - SOUTH BAY,ADULT DEVELOPMENT CENTER - HERMOSA BEACH,"LEUCI, MARY",HERMOSA BEACH,33.86451,0,52,0,1,2/24/2015,,
5/30/1989,LICENSED,(209) 931-1131,390312001,CA,27,1,0,82019(f),04/11/2016,0,,No Complaints,0,-121.229965,ADULT DAY PROGRAM,04/11/2016,95205,SAN JOAQUIN,3555 WILMARTH ROAD,04/11/2016,0,ARC SAN JOAQUIN,ADULT DEVELOPMENT CENTER - NORTH,JAYNE AZEVEDO,STOCKTON,38.000972,0,30,1,1,4/11/2016,,
12/31/1987,CLOSED,(818) 996-3761,191220569,CA,31,3,2,"80020(a), 82019(a)(e), 82087(a)(3), 82088(e)(1), 82088(e)(1), 82087(a)(3), 82087(a), 82075(f), 82076(a)20(21), 82076(a)(16), 82068.3(a), 82022(b)(3), 82064(a)(6), 82068(a)(c), 82070(a), 82019(d), 82065(g)(1), 82068(a), 82088.2(a)(1), 82087(a), 82088(f)(1), 82068.3(a), 82075(f), 82065 (f), 82065(g)(1), 82076(a)(16), 82022(h), 82022(b)(11), 82087(a), 82088(f)(1)","07/25/2014, 03/29/2013, 03/16/2012, 03/16/2012, 10/06/2011, 10/06/2011, 04/11/2013, 03/23/2012, 04/16/2012, 03/16/2012, 03/16/2012, 04/16/2012, 04/16/2012, 04/16/2012, 04/16/2012, 03/23/2012, 03/23/2012, 03/30/2012, 03/19/2012, 03/16/2012, 03/16/2012, 10/28/2011, 10/28/2011, 10/28/2011, 10/28/2011, 10/06/2011, 10/06/2011, 10/06/2011, 10/06/2011, 10/06/2011",9,,No Complaints,6,-118.512428,ADULT DAY PROGRAM,"07/25/2014, 03/28/2013, 03/16/2012",91406,LOS ANGELES,17400 VANOWEN STREET,"10/10/2014, 07/25/2014, 08/23/2013, 03/28/2013, 03/27/2012, 03/16/2012, 02/29/2012, 10/19/2011, 10/04/2011",0,"ADULT SKILLS CENTER, THE","ADULT SKILLS CENTER, THE","LANE, KEN",VAN NUYS,34.193739,15,60,4,9,10/10/2014,"10/10/2014, 08/23/2013, 03/27/2012, 02/29/2012, 10/19/2011, 10/04/2011",10/1/2014
1/27/2000,LICENSED,(530) 406-0830,577001513,CA,27,2,0,82019(e)(1),12/29/2015,0,,No Complaints,0,-121.761096,ADULT DAY PROGRAM,"12/29/2015, 11/25/2013",95695,YOLO,220 HARTER AVENUE,"12/29/2015, 11/25/2013",0,"YOLO EMPLOYMENT SERVICES, INC.",ADULT TRAINING PROGRAM,CHERYL CURRY,WOODLAND,38.688646,0,45,1,2,12/29/2015,,
,PENDING,(916) 203-6246,312700054,CA,27,0,0,,,0,,No Complaints,0,-121.296255,ADULT DAY PROGRAM,,95765,PLACER,3845 ATHERTON ROAD #7,,0,SEAN SUH ON BEHALF OF ADULT VOCATIONAL SERVICES,ADULT VOCATIONAL SERVICES INC,"SUH, SEAN",ROCKLIN,38.814331,0,30,0,0,,,
3/8/2004,CLOSED,(818) 708-1756,198600268,CA,31,1,0,,,0,,No Complaints,0,-118.518196,ADULT DAY PROGRAM,02/29/2012,91406,LOS ANGELES,17651 VANOWEN STREET UNIT B,02/29/2012,0,"ADULT SKILLS CENTER, INC., THE","ADULTS SKILLS CENTER (TASC) DAY PROGRAM II, THE","LANE, KENNETH E.",VAN NUYS,34.194012,0,15,0,1,2/29/2012,,9/1/2011
3/23/2012,LICENSED,(951) 688-5143,336425344,CA,18,0,0,82072(a)(3),11/17/2015,0,"['2', '0', '1', '0']",01/25/2016,6,-117.761851,ADULT DAY PROGRAM,,92504,RIVERSIDE,8138 MAR VISTA COURT,"05/16/2016, 02/25/2016, 11/03/2015, 10/28/2015, 11/17/2014, 02/29/2012, 02/29/2012",1,ARC RIVERSIDE,ADVANCE ENTERPRISES RIVERSIDE,"VINCENT, BARBARA",RIVERSIDE,33.731198,0,170,0,7,5/16/2016,"05/16/2016, 02/25/2016, 10/28/2015, 11/17/2014, 02/29/2012, 02/29/2012",
3/20/1998,LICENSED,(310) 355-1150,198201796,CA,28,1,3,"82087(a)(3), 82028(A)-(E), 82020, 82087(a), 82087(a)(1), 82070(a), 82066(a)","07/02/2015, 07/28/2014, 07/28/2014, 07/02/2015, 07/02/2015, 07/31/2015, 07/31/2015",0,,No Complaints,2,-118.359396,ADULT DAY PROGRAM,03/24/2015,90250,LOS ANGELES,11703 EUCALYPTUS,"07/02/2015, 03/24/2015, 07/28/2014",0,"ANEL, LETICIA",ADVANTAGE,"ANEL, LETICIA",HAWTHORNE,33.928166,0,15,0,3,7/2/2015,"07/02/2015, 07/28/2014",
3/14/2011,LICENSED,(619) 697-6311,374603103,CA,08,1,0,82087(a),12/23/2014,0,"['1', '0', '0', '1']",01/29/2015,1,-117.017773,ADULT DAY PROGRAM,02/28/2012,91942,SAN DIEGO,8363 CENTER DR UNIT 4,"12/16/2014, 04/29/2014, 02/28/2012, 02/28/2012",2,KAT & SEY CORP,"ADVANTAGE CENTER, THE",DARIUSH RAZAVI,LA MESA,32.773958,0,75,0,4,12/16/2014,02/28/2012,
1/5/1994,LICENSED,(562) 597-4396,191604283,CA,28,1,3,"82068.3(b), 82072(a)(8)(E), 82078, 82054(b), 82087(a), 82087(a), 82088(e)(3), 82088(e)(3)","04/09/2012, 04/10/2012, 04/09/2012, 10/30/2015, 10/30/2015, 10/24/2015, 11/06/2015, 11/06/2015",0,"['0', '1', '0', '0']",04/13/2012,3,-118.147288,ADULT DAY PROGRAM,10/23/2015,90815,LOS ANGELES,4519 EAST STEARNS STREET,"11/12/2015, 10/23/2015, 08/24/2012, 04/09/2012, 04/09/2012",1,"ADVOCACY FOR RESPECT AND CHOICE-LONG BEACH, INC.",ADVOCACY FOR RESPECT AND CHOICE-LONG BEACH,"SCHNEIDER, CHARLOTTE",LONG BEACH,33.795828,5,60,0,5,11/12/2015,"11/12/2015, 08/24/2012, 04/09/2012",
,CLOSED,(323) 369-3987,198601443,CA,28,0,0,,,0,,No Complaints,3,-118.278614,ADULT DAY PROGRAM,,90061,LOS ANGELES,12833 S. BROADWAY,"03/16/2012, 03/09/2012, 01/18/2012",0,KENNETH A. RICHARD,ADVOCATE BEHAVIOR PROGRAM,KENNETH A. RICHARD,LOS ANGELES,33.915512,0,120,0,3,3/16/2012,"03/16/2012, 03/09/2012, 01/18/2012",11/7/2014
7/7/2010,CLOSED,(310) 324-4857,198601338,CA,28,0,0,,,0,,No Complaints,1,-118.265789,ADULT DAY PROGRAM,,90746,LOS ANGELES,500 E. CARSON PLAZA DRIVE #103,07/20/2012,0,"ARG LIVING OPTIONS, INC.",AGAPE ADULT DAY PROGRAM,EMILY F. MARQUEZ,CARSON,33.844481,0,50,0,1,7/20/2012,07/20/2012,7/1/2012
5/7/2010,LICENSED,(626) 339-0400,198601301,CA,28,2,0,82072(a)(1),10/11/2012,0,"['0', '1', '0', '0', '11/04/2012', '1', '0', '0', '1']",02/08/2014,0,-118.339538,ADULT DAY PROGRAM,"08/12/2014, 06/17/2011",91723,LOS ANGELES,440 SOUTH CITRUS AVE,"08/12/2014, 12/12/2013, 10/11/2012, 06/17/2011",2,"AIM HIGHER, INC.",AIM HIGHER COVINA,ROBERT LICON,COVINA,34.065455,0,80,0,4,8/12/2014,,
12/20/2014,LICENSED,(916) 599-5200,198601783,CA,28,0,0,,,0,,No Complaints,2,-117.908842,ADULT DAY PROGRAM,,91791,LOS ANGELES,1751 ROWLAND AVENUE,"11/12/2014, 11/26/2014",0,SAN GABRIEL ADULT DAY PROGRAM,AIM HIGHER INC,MARINA DAVID,WEST COVINA,34.079465,0,70,0,2,11/26/2014,"11/12/2014, 11/26/2014",
5/3/2010,CLOSED,(916) 599-5200,486803250,CA,21,2,1,"82078, 82063 (a), 82061 (D), 82075(b), 82068.3(a), 82068.3, .","07/26/2013, 08/22/2012, 08/22/2012, 09/05/2012, 10/10/2013, 07/30/2013, 07/24/2013",3,"['1', '0', '0', '2']",08/31/2012,7,-122.125969,ADULT DAY PROGRAM,"04/17/2013, 08/29/2012",94534,SOLANO,"324 CAMPUS LANE, STE C","03/19/2014, 10/03/2013, 08/23/2013, 07/31/2013, 07/24/2013, 04/17/2013, 08/29/2012, 08/15/2012, 08/07/2012, 08/07/2012",1,AIM HIGHER,AIM HIGHER INC FAIRFIELD,"DAVID, MARINA",FAIRFIELD,38.231427,1,80,0,10,3/19/2014,"03/19/2014, 10/03/2013, 08/23/2013, 07/31/2013, 07/24/2013, 08/07/2012, 08/07/2012",4/2/2014
5/13/2013,LICENSED,(408) 462-9811,435202347,CA,26,2,0,"82088(e)(1), 82068.3(a), 82068.2(d)(1)","12/11/2014, 12/17/2014, 10/10/2013",1,,No Complaints,2,-121.989113,ADULT DAY PROGRAM,"12/10/2014, 05/12/2016",94089,SANTA CLARA,1237 REAMWOOD DRIVE,"05/12/2016, 12/10/2014, 10/03/2013, 05/08/2013",0,SAN JOSE ADULT DAY PROGRAM DBA AIM HIGHER S'VALE,AIM HIGHER INC.,MARINA DAVID,SUNNYVALE,37.404188,1,80,1,4,5/12/2016,"10/03/2013, 05/08/2013",
12/19/2008,LICENSED,(916) 599-5200,347004282,CA,27,2,1,"82088(e)(1), 82087(a)(3), 82023(d), 80092.1, 80061(b) , 82068.2(d)(1)","03/11/2016, 03/11/2016, 03/11/2016, 08/26/2011, 10/07/2014, 03/31/2016",0,,No Complaints,1,-121.460906,ADULT DAY PROGRAM,"03/10/2016, 08/18/2011",95758,SACRAMENTO,"3151 DWIGHT ROAD, SUITE 300","03/10/2016, 10/06/2014, 08/18/2011",0,ED DAVID DBA AIM HIGHER #3,AIM HIGHER INC.,"DAVID, MARINA",ELK GROVE,38.426992,1,30,4,3,3/10/2016,10/06/2014,
3/13/2008,LICENSED,(916) 599-5200,347004075,CA,27,2,0,80023 (d),02/23/2012,0,,No Complaints,0,-121.460906,ADULT DAY PROGRAM,"03/22/2016, 02/21/2012",95758,SACRAMENTO,"3151 DWIGHT ROAD, SUITE 100","03/22/2016, 02/21/2012",0,ED DAVID DBA AIM HIGHER #2,AIM HIGHER INC.,"DAVID, ED",ELK GROVE,38.426992,0,50,1,2,3/22/2016,,
8/25/2005,LICENSED,(916) 783-4688,317003286,CA,27,1,0,,,0,"['0', '1', '0', '0']",09/30/2014,7,-121.273662,ADULT DAY PROGRAM,08/24/2015,95661,PLACER,1132 SMITH LANE,"08/24/2015, 01/30/2015, 05/23/2014, 05/23/2014, 02/20/2014, 02/20/2014, 08/27/2013, 08/27/2013, 05/10/2012, 07/07/2011",2,AIM HIGHER INC. DBA ED DAVID,AIM HIGHER INC. DBA ED DAVID,"DAVID, ED",ROSEVILLE,38.738371,0,136,0,10,8/24/2015,"01/30/2015, 02/20/2014, 02/20/2014, 08/27/2013, 08/27/2013, 05/10/2012, 07/07/2011",
12/27/2010,LICENSED,(408) 599-3155,435202216,CA,26,4,0,"82072(a)(3) , 82072(a)(3) , H&S 1503.2, 82087(a)(3), 82088(e)(1), 82087(a), 82075(f), 82075(g)(1)(G), 82087(a) , 82087(a), 82088(e)(1)","01/20/2015, 01/27/2015, 12/05/2015, 12/25/2013, 12/22/2014, 12/22/2014, 12/25/2013, 12/11/2013, 12/25/2013, 07/02/2013, 07/02/2013",0,"['2', '0', '2', '0']",09/09/2015,2,-121.778869,ADULT DAY PROGRAM,"12/04/2015, 12/15/2014, 12/04/2013, 06/25/2013",95119,SANTA CLARA,"90 GREAT OAKS BLVD., STE. #101","12/10/2015, 12/04/2015, 01/16/2015, 12/15/2014, 12/04/2013, 06/25/2013, 06/28/2011",1,AIM HIGHER,"AIM HIGHER, INC.",MARINA DAVID,SAN JOSE,37.233891,7,80,2,7,12/10/2015,"12/10/2015, 06/28/2011",
12/6/2001,LICENSED,(209) 948-5759,397001860,CA,27,2,2,"80072(a)(1), 82065(i)(2), 80087(g)(1), 82088(e)(1), 82088(e)(1), H&S 1523.1(e)","03/12/2013, 04/14/2016, 12/08/2011, 12/08/2011, 04/20/2016, 04/20/2016",1,"['1', '0', '1', '0']",03/20/2013,2,-121.288754,ADULT DAY PROGRAM,"04/13/2016, 10/11/2011",95202,SAN JOAQUIN,928 EAST ROSE STREET,"04/13/2016, 04/13/2016, 03/11/2013, 02/11/2013, 12/07/2011, 10/11/2011",2,DDSO-DBA ALAN SHORT CENTER,ALAN SHORT CENTER,MARGARITA GARCIA,STOCKTON,37.965455,1,105,1,6,4/13/2016,"04/13/2016, 12/07/2011",
11/2/2015,LICENSED,(707) 978-3229,496803583,CA,21,0,0,,,0,,No Complaints,2,-122.735671,ADULT DAY PROGRAM,,95401,SONOMA,394 TESCONI COURT,"09/28/2015, 09/28/2015",0,ALCHEMIA,ALCHEMIA,LIZ JAHREN,SANTA ROSA,38.446593,0,45,0,2,9/28/2015,"09/28/2015, 09/28/2015",
6/8/1999,LICENSED,(530) 283-3611,325000770,CA,25,1,0,"80087(a), 80075(I)","05/31/2012, 06/25/2012",0,,No Complaints,0,-119.463543,ADULT DAY PROGRAM,05/24/2012,95971,PLUMAS,112 BUCHANAN ST,05/24/2012,0,"PLUMAS RURAL SERVICES, INC.",ALIVE,"PILLER, MICHELE",QUINCY,35.152324,1,30,1,1,5/24/2012,,
7/30/2015,LICENSED,(925) 890-2709,079200520,CA,15,0,0,,,0,,No Complaints,1,-122.025456,ADULT DAY PROGRAM,,94520,CONTRA COSTA,"4071 PORT CHICAGO HWY, STE.140",07/30/2015,0,"FUTURES EXPLORED,INC.",ALIVE CENTRAL COUNTY,"HACKETT, HEATHER",CONCORD,38.014594,0,30,0,1,7/30/2015,07/30/2015,
4/4/1996,LICENSED,(925) 779-1039,075600047,CA,15,1,0,"82087(a)(3), 82088(e)(1)","07/15/2014, 07/28/2014",0,,No Complaints,2,-120.846459,ADULT DAY PROGRAM,07/14/2014,94509,CONTRA COSTA,806-808-810 W. THIRD AVENUE,"07/14/2014, 03/18/2014, 06/29/2011",0,"FUTURES EXPLORED, INC.",ALIVE EAST COUNTY,WILL SANFORD,ANTIOCH,37.327375,1,30,1,3,7/14/2014,"06/29/2011, 03/18/2014",
3/25/2003,LICENSED,(925) 756-0817,079200045,CA,15,2,0,"82076(a)(17), 82076(a)(16), 82019(e)(2), 82087(a)(3), 82087(a), 82072(a)(2), 82087(a)","09/20/2013, 09/20/2013, 02/13/2014, 02/11/2014, 09/30/2013, 09/30/2013, 02/17/2014",0,"['3', '0', '2', '2']",11/18/2013,1,-119.18012,ADULT DAY PROGRAM,"02/12/2014, 02/10/2014",94509,CONTRA COSTA,"625 W. FOURTH STREET, SUITE 8","06/11/2015, 02/12/2014, 02/10/2014, 09/19/2013",1,"FUTURES EXPLORED, INC.",ALIVE EAST COUNTY II,WILL SANFORD,ANTIOCH,34.199153,1,45,2,4,6/11/2015,06/11/2015,
9/18/2007,LICENSED,(530) 432-6564,297003934,CA,27,3,0,,,0,,No Complaints,0,-121.270881,ADULT DAY PROGRAM,"03/29/2016, 10/17/2012, 09/13/2011",95977,NEVEDA,10140 WILD TURKEY LANE,"03/29/2016, 10/17/2012, 09/13/2011",0,"COOK, JEAN-CLAUDE & JEFFERY C.",ALL-STAR PROGRAMS,"COOK, JEFFERY C.",SMARTSVILLE,39.202234,0,24,0,3,3/29/2016,,
11/13/2015,LICENSED,(415) 218-0699,496803613,CA,21,0,0,,,0,,No Complaints,2,-122.709643,ADULT DAY PROGRAM,,94928,SONOMA,50 EXECUTIVE AVE,"10/09/2015, 10/09/2015",0,"ALLIED INTEGRATION SERVICES, LLC",ALLIED INTEGRATION SERVICES,"VANDERVILLE, ERIC",ROHNERT PARK,38.355754,0,16,0,2,10/9/2015,"10/09/2015, 10/09/2015",
5/8/2013,LICENSED,(805) 683-2145,425801846,CA,29,0,0,,,0,,No Complaints,2,-119.703834,ADULT DAY PROGRAM,,93101,SANTA BARBARA,220 WEST CANON PERDIDO STREET,"05/08/2013, 01/28/2013",0,ALPHA RESOURCE CENTER OF SANTA BARBARA,ALPHA RESOURCE CENTER OF SANTA BARBARA,KIMBERLY OLSON,SANTA BARBARA,34.417902,0,30,0,2,5/8/2013,"05/08/2013, 01/28/2013",
1/4/1993,LICENSED,(805) 683-2145,421704067,CA,29,3,5,"?1503.2 , 82087(a)(3), 82075(b), 82078, 82065.5(a)(1,2), 82075(b), 82075(b), 82066(a)(10) , 82068(a) , 82064(d)(1) , 82023(d)","01/21/2016, 01/28/2013, 01/21/2016, 04/30/2015, 04/30/2015, 04/24/2015, 02/03/2012, 02/01/2016, 02/04/2016, 02/04/2016, 02/15/2013",0,"['0', '1', '0', '0']",04/08/2016,8,-119.780899,ADULT DAY PROGRAM,"01/21/2016, 01/28/2013, 01/26/2012",93110,SANTA BARBARA,4501 CATHEDRAL OAKS ROAD,"03/22/2016, 01/21/2016, 01/21/2016, 04/28/2015, 04/23/2015, 01/16/2015, 03/04/2014, 08/27/2013, 01/28/2013, 02/03/2012, 01/26/2012, 10/24/2011",1,ALPHA RESOURCE CENTER OF SANTA BARBARA,ALPHA RESOURCE CENTER OF SANTA BARBARA,KIMBERLY OLSON,SANTA BARBARA,34.452597,4,125,2,12,3/22/2016,"01/21/2016, 04/28/2015, 04/23/2015, 01/16/2015, 03/04/2014, 08/27/2013, 02/03/2012, 10/24/2011",
10/19/2011,LICENSED,(858) 779-9254,374603172,CA,08,1,0,"82068.2(e), 82023(d)","04/10/2013, 04/10/2013",0,,No Complaints,4,-117.080138,ADULT DAY PROGRAM,03/27/2013,92127,SAN DIEGO,"16885 WEST BERNARDO,#210","03/27/2013, 02/09/2012, 02/09/2012, 09/06/2011, 08/26/2011",0,"BERNARDO TECHNICAL SERVICES, INC.",ALTAGOLDEN,NANCY HOOPER,SAN DIEGO,33.020499,2,24,0,5,3/27/2013,"02/09/2012, 02/09/2012, 09/06/2011, 08/26/2011",
12/26/2007,LICENSED,(707) 528-8712,496803004,CA,21,2,0,82088(e)(1),11/29/2012,0,,No Complaints,0,-122.73706,ADULT DAY PROGRAM,"06/03/2016, 11/28/2012",95403,SONOMA,987 AIRWAY COURT,"06/03/2016, 11/28/2012",0,CATHOLIC CHARITIES OF THE DIOCESE OF SANTA ROSA,ALZHEIMER'S RESPITE RESOURCE CENTER,"OSMON, MICHELE",SANTA ROSA,38.474957,0,20,1,2,6/3/2016,,
6/17/2010,LICENSED,(925) 825-4700,019200360,CA,15,1,0,,,0,,No Complaints,8,-121.774021,ADULT DAY PROGRAM,05/01/2015,94551,ALAMEDA,2177 LAS POSITAS COURT BC,"04/14/2016, 12/23/2015, 08/20/2015, 08/13/2015, 05/01/2015, 12/09/2013, 05/30/2012, 05/03/2012, 04/19/2012",0,"ANKA BEHAVIORAL HEALTH, INC.",AMADOR TRI-VALLEY CENTER,STEPHANIE RUSSELL,LIVERMORE,37.696795,0,20,0,9,4/14/2016,"04/14/2016, 12/23/2015, 08/20/2015, 08/13/2015, 12/09/2013, 05/30/2012, 05/03/2012, 04/19/2012",
,PENDING,(310) 817-6100,198602199,CA,28,0,0,,,0,,No Complaints,0,-118.282844,ADULT DAY PROGRAM,,90745,LOS ANGELES,329 WEST TORRANCE BOULEVARD,,0,"PEASE, RICHARD",AMBITIONS CARSON DAY PROGRAM,"PEASE, RICHARD",CARSON,33.842461,0,60,0,0,,,
,PENDING,(714) 408-2081,306005168,CA,22,0,0,,,0,,No Complaints,0,-121.953333,ADULT DAY PROGRAM,,92780,ORANGE,111 FASHION LANE,,0,AMERICANA CARE LLC,AMERICANA GETAWAY,"RADU, STEPHANIE",TUSTIN,37.234126,0,180,0,0,,,
5/21/2008,LICENSED,(510) 836-2111,079200182,CA,15,1,0,,,0,,No Complaints,1,-122.338771,ADULT DAY PROGRAM,08/12/2013,94804,CONTRA COSTA,3200 MACDONALD AVENUE,"05/18/2016, 08/12/2013",0,"AMERICARE COMMUNITY SERVICES, INC.","AMERICARE COMMUNITY SERVICES,INC-ADULT DAY PROG",DOROTHY GUILLORY,RICHMOND,37.933943,0,16,0,2,5/18/2016,05/18/2016,
6/30/2010,CLOSED,(714) 527-4888,306004230,CA,22,1,0,,,0,,No Complaints,3,-118.000989,ADULT DAY PROGRAM,04/09/2013,92801,ORANGE,"3150 W. LINCOLN AVE., #108","04/09/2013, 12/12/2012, 11/28/2012, 08/01/2011",0,"ANAHEIM ADULT CARE, INC.",ANAHEIM ADULT DAY CARE,"FRANCO, AMED",ANAHEIM,33.830808,0,45,0,4,4/9/2013,"12/12/2012, 11/28/2012, 08/01/2011",4/22/2013
4/22/2013,LICENSED,(714) 527-4888,306004534,CA,22,2,0,"H&S 1550 (c), 82065	","02/09/2015, 02/09/2015",0,"['1', '0', '2', '0']",02/20/2015,4,-117.974206,ADULT DAY PROGRAM,"03/18/2015, 03/21/2016",92801,ORANGE,"2557 WOODLAND DRIVE, W.","03/21/2016, 03/18/2015, 02/06/2015, 02/06/2015, 09/22/2014, 09/20/2013, 02/27/2013",1,"ANAHEIM ADULT DAY CARE, INC.",ANAHEIM ADULT DAY CARE,AMANDA CARILLO,ANAHEIM,33.850027,0,75,0,7,3/21/2016,"02/06/2015, 09/22/2014, 09/20/2013, 02/27/2013",
3/20/2015,LICENSED,(619) 357-7627,374603575,CA,08,0,0,,,0,,No Complaints,3,-116.971147,ADULT DAY PROGRAM,,92020,SAN DIEGO,860 SOUTH JOHNSON AVENUE,"02/03/2015, 09/26/2014, 09/11/2014",0,"ANGEL HOUSE, LLC, THE","ANGEL HOUSE, THE","MALVESTUTO, CHERYL",EL CAJON,32.784484,0,6,0,3,2/3/2015,"02/03/2015, 09/26/2014, 09/11/2014",
6/17/2008,LICENSED,(760) 329-6471,336413159,CA,18,2,0,"H & S 1503.2, 82088(e)(1), 82087(a) , 82087(a)(3) ","04/26/2016, 05/02/2016, 05/02/2016, 05/02/2016",0,,No Complaints,2,-116.484493,ADULT DAY PROGRAM,"04/25/2016, 03/12/2015",92240,RIVERSIDE,12379 MIRACLE HILL ROAD,"04/25/2016, 03/12/2015, 02/13/2013, 02/02/2012",0,ANGEL VIEW CRIPPLED CHILDREN'S FOUNDATION INC.,ANGEL VIEW ADULT DAY CARE,MELISSA ACOSTA,DESERT HOT SPRINGS,33.958641,3,75,1,4,4/25/2016,"02/13/2013, 02/02/2012",
1/27/1989,LICENSED,(213) 221-5177,191890446,CA,28,1,0,82088(e)(1),09/08/2015,0,,No Complaints,0,-118.17259,ADULT DAY PROGRAM,08/31/2015,90032,LOS ANGELES,2457 ENDICOTT ST.,08/31/2015,0,ANNE SIPPI CLINIC,ANNE SIPPI CLINIC,"LINER, JERRY",LOS ANGELES,34.075497,1,5,0,1,8/31/2015,,
10/31/2014,LICENSED,(559) 577-4239,107206793,CA,24,0,0,,,0,,No Complaints,3,-119.856976,ADULT DAY PROGRAM,,93722,FRESNO,3581 W. HOLLAND AVE.,"10/31/2014, 09/30/2014, 07/30/2014",0,AMVA CORPORATION,APIQUE BEHAVIORAL SERVICES,"HEKIMIAN, VARTAN",FRESNO,36.797178,0,105,0,3,10/31/2014,"10/31/2014, 09/30/2014, 07/30/2014",
5/21/2001,CLOSED,(408) 926-9577,435200911,CA,26,0,0,"82091(a)(4), 82078, 82061(a)(1)(D), 82068.5(b), 82092.2(a), 82065(f)(5)","08/06/2012, 08/06/2012, 08/06/2012, 08/06/2012, 08/06/2012, 08/06/2012",0,"['4', '0', '1', '5', '06/14/2012', '0', '1', '0', '0']",09/26/2012,0,-121.828202,ADULT DAY PROGRAM,,95127,SANTA CLARA,242 LA PALA DRIVE,"02/23/2012, 07/30/2012",2,"LAUREL, MARY ANN",APOLLO ADULT DAY PROGRAM,"LAUREL, MARY ANN",SAN JOSE,37.377581,0,80,0,2,7/30/2012,,11/29/2012
,CLOSED,(408) 926-9577,435202317,CA,26,0,0,,,0,,No Complaints,0,-121.879928,ADULT DAY PROGRAM,,95112,SANTA CLARA,303 NORTH 15TH STREET,,0,APOLLO ADULT DAY PROGRAM,APOLLO ADULT DAY PROGRAM,MS. MARY ANN LAUREL,SAN JOSE,37.347429,0,80,0,0,,,7/26/2012
,CLOSED,(408) 926-9577,435202263,CA,26,0,0,,,0,,No Complaints,0,-121.879928,ADULT DAY PROGRAM,,95112,SANTA CLARA,303 N. 15TH ST.,,0,"APOLLO, INC.",APOLLO ADULT DAY PROGRAM,MARY ANN M. LAUREL,SAN JOSE,37.347429,0,80,0,0,,,11/3/2011
11/29/2012,CLOSED,(408) 280-1500,435202341,CA,26,2,6,"82087(a), 82087(a)(3), 82019(e)(1), 82019(e)(2), 82019(e)(3), 82068(a), 82068.2(a), 82065(a), 82022 (d), 82078, 85068.3 (b)(2), 82022(h), 82065(k), 82022(e), 82063(a), 82012(a), 82069(f)(4)(A), 82068.2(d)(1), 82078, 82068.2(a), 82069(a)","11/10/2014, 10/15/2013, 09/12/2014, 07/30/2014, 07/30/2014, 07/24/2014, 07/23/2014, 07/23/2014, 11/24/2014, 02/23/2015, 02/27/2015, 10/29/2014, 10/29/2014, 09/02/2014, 09/02/2014, 09/02/2014, 09/02/2014, 07/24/2014, 03/12/2014, 02/05/2014, 02/05/2014",12,,No Complaints,15,-121.879928,ADULT DAY PROGRAM,"11/10/2014, 10/15/2013",95112,SANTA CLARA,303 NORTH 15TH STREET,"02/20/2015, 02/06/2015, 11/14/2014, 11/10/2014, 10/15/2014, 10/02/2014, 09/12/2014, 08/12/2014, 07/29/2014, 07/23/2014, 05/07/2014, 04/11/2014, 02/19/2014, 01/22/2014, 10/15/2013, 10/25/2012, 10/23/2012",0,MS. MARY ANN LAUREL,APOLLO ADULT DAY PROGRAM,MS. MARY ANN LAUREL,SAN JOSE,37.347429,1,120,2,17,2/20/2015,"02/20/2015, 02/06/2015, 11/14/2014, 10/15/2014, 10/02/2014, 09/12/2014, 08/12/2014, 07/29/2014, 07/23/2014, 05/07/2014, 04/11/2014, 02/19/2014, 01/22/2014, 10/25/2012, 10/23/2012",3/12/2015
3/12/2015,LICENSED,(408) 280-1500,435202395,CA,26,0,3,"82065.5(a)(1), 82019(e)(2), 82069(b)(4)(5), 82078, 82022(a), 85064(b), 82022(a), 82068.3(a), 82069(a)","05/18/2016, 10/08/2015, 05/07/2015, 05/07/2015, 03/18/2016, 07/03/2015, 07/06/2015, 05/13/2015, 05/13/2015",2,"['1', '0', '0', '1', '10/22/2015', '0', '2', '0', '0', '07/27/2015', '1', '0', '0', '2']",03/28/2016,4,-121.879928,ADULT DAY PROGRAM,,95112,SANTA CLARA,303 NORTH 15TH STREET,"03/11/2016, 02/10/2016, 10/08/2015, 10/08/2015, 07/03/2015, 07/02/2015, 05/06/2015, 10/15/2013",4,"APOLLO ADP, INC.",APOLLO ADULT DAY PROGRAM,MS. MARY ANN LAUREL,SAN JOSE,37.347429,0,120,0,8,5/17/2016,"02/10/2016, 10/08/2015, 05/06/2015, 10/15/2013",
10/8/2013,LICENSED,(209) 956-0290,397005196,CA,27,0,0,,,0,,No Complaints,2,-118.999776,ADULT DAY PROGRAM,,95376,SAN JOAQUIN,"324 E. 11TH STREET., STE. C&D","09/30/2013, 09/17/2013",0,"UNITED CEREBRAL PALSY OF SAN JOAQ., CALAVER, & AMA",APPLIED ABILITIES PROGRAM,"FILEDER, CORINNE",TRACY,35.367807,0,60,0,2,9/30/2013,"09/30/2013, 09/17/2013",
7/1/2003,LICENSED,(831) 662-8708,445201411,CA,26,5,0,,,0,,No Complaints,1,-121.899266,ADULT DAY PROGRAM,"07/21/2015, 07/30/2014, 07/15/2013, 05/10/2012, 07/27/2011",95003,SANTA CRUZ,8056 VALENCIA ST.,"07/21/2015, 07/30/2014, 07/15/2013, 05/10/2012, 09/01/2011, 07/27/2011",0,HOPE REHABILITATION SERVICES,APTOS SENIOR ACTIVITY CENTER,MAUNA MORRIS,APTOS,36.977122,0,42,0,6,7/21/2015,09/01/2011,
,CLOSED,(619) 884-2684,374603422,CA,08,0,0,,,0,,No Complaints,0,-117.038738,ADULT DAY PROGRAM,,91942,SAN DIEGO,"7373 UNIVERSITY AVE, STE.110",,0,"ARBOR ADULT DAY PROGRAM, INC",ARBOR ADULT DAY PROGRAM INC,NICOLE GUIBERT,LA MESA,32.756365,0,40,0,0,,,10/22/2013
7/15/1993,LICENSED,(619) 444-9417,370803149,CA,08,2,0,"82088(e)(1), 82087(a), 82087(a), 82019(2), 82087(a), 82087(a), 82088(e)(1), 82088, 82087(a), 82077.4","09/28/2012, 09/23/2011, 09/23/2011, 09/23/2011, 09/28/2012, 10/24/2011, 10/24/2011, 10/24/2011, 10/24/2011, 10/24/2011",0,"['0', '1', '0', '0', '03/03/2013', '0', '1', '0', '0']",04/22/2015,5,-116.931683,ADULT DAY PROGRAM,"09/26/2012, 09/23/2011",92019,SAN DIEGO,1374 E. LEXINGTON AVENUE,"03/30/2015, 03/30/2015, 12/02/2014, 07/24/2013, 12/17/2012, 12/06/2012, 09/26/2012, 10/24/2011, 09/23/2011",2,ARC-EAST COUNTY CHAPTER,ARC-EAST COUNTY TRAINING CENTER,MONICA PERALTA,EL CAJON,32.793073,6,180,4,9,3/30/2015,"03/30/2015, 12/02/2014, 07/24/2013, 12/17/2012, 10/24/2011",
1/13/2003,LICENSED,(805) 933-9029,565800867,CA,31,1,1,"?1503.2	, 82078(a)","12/15/2015, 06/14/2011",0,,No Complaints,3,-118.110263,ADULT DAY PROGRAM,12/14/2015,93060,VENTURA,116 NORTH 10TH STREET,"12/14/2015, 05/13/2015, 04/19/2013, 06/14/2011",0,"ARC VENTURA, INC",ARC-HERITAGE VALLEY,YESENIA GONZALES,SANTA PAULA,34.011272,0,90,1,4,12/14/2015,"05/13/2015, 04/19/2013, 06/14/2011",
8/31/1998,LICENSED,(805) 646-5186,565800360,CA,29,1,9,"80078(a), 80072(a)(1), 80075(b)(5)(c), 82088(e)(1), 80075(n)(5), 80078(a), 82075(b), 82078, 80078(a), 80072(F), 80078(a), 80078(a), 80078(a), 80078, 80061(a), 80061(b)(1)(A), 80061(b)(1)(E)","09/06/2011, 09/07/2011, 08/26/2011, 08/26/2011, 09/02/2011, 04/11/2016, 06/11/2015, 04/17/2012, 02/09/2012, 02/13/2012, 02/09/2012, 10/12/2011, 10/03/2011, 06/21/2011, 09/07/2011, 04/11/2016, 02/24/2012",2,"['2', '0', '2', '1']",09/08/2011,10,-119.248953,ADULT DAY PROGRAM,08/25/2011,93023,VENTURA,210 CANADA,"04/08/2016, 06/08/2015, 08/20/2014, 01/15/2014, 01/09/2014, 04/17/2012, 02/09/2012, 10/12/2011, 09/21/2011, 09/06/2011, 08/25/2011, 06/21/2011",1,"ARC-VENTURA COUNTY, INC. A NON-PROFIT CORPORATION",ARC-OJAI ENRICHMENT CENTER,AMBER LUNDEEN,OJAI,34.449227,0,105,3,12,4/8/2016,"04/08/2016, 06/08/2015, 08/20/2014, 01/15/2014, 01/09/2014, 04/17/2012, 02/09/2012, 10/12/2011, 09/21/2011, 06/21/2011",
2/26/2001,CLOSED,(415) 268-0135,385600138,CA,14,1,0,"82072(a)(3), 82072(b)(13), 82023(d)	, 80078(a)","09/28/2011, 09/28/2011, 02/27/2015, 03/21/2013",1,"['1', '0', '0', '2']",06/14/2012,7,-122.413969,ADULT DAY PROGRAM,02/13/2015,94133,SAN FRANCISCO,416 BAY STREET,"08/21/2015, 07/30/2015, 02/13/2015, 01/08/2014, 08/22/2013, 03/21/2013, 01/04/2013, 09/07/2011, 07/21/2011",1,"ARC SAN FRANCISCO, INC.,THE","ARC-SF/COMMUNITY TRAINING PROGRAMS, THE",HALEY BOGOSIAN,SAN FRANCISCO,37.80579,1,60,0,9,8/21/2015,"08/21/2015, 07/30/2015, 01/08/2014, 08/22/2013, 03/21/2013, 01/04/2013, 07/21/2011",8/11/2015
7/7/2000,LICENSED,(707) 552-2935,486800885,CA,21,2,0,"8207(a)(3), 82075(L)(1), 82061(a) , 82069(a), 82025(b), 82064(d), 82065g1b1, 82088(e)(1), 82065.1, 82025","02/09/2013, 02/09/2013, 04/29/2016, 05/06/2016, 05/06/2016, 05/06/2016, 05/13/2016, 02/22/2013, 02/22/2013, 02/22/2013",0,,No Complaints,1,-122.253904,ADULT DAY PROGRAM,"04/26/2016, 02/07/2013",94590,SOLANO,3272 SONOMA BLVD #4,"04/26/2016, 02/07/2013, 06/16/2011",0,ALTERNATIVES IN CURRICULM & TRAINING,"ARC-SOLANO, THE",MICHAEL C. HUCKINS,VALLEJO,38.117801,8,30,2,3,4/26/2016,06/16/2011,
1/14/1985,LICENSED,(661) 763-1532,150404353,CA,24,3,0,"82069(a) & (b), 82075(l)(6)","06/26/2015, 05/28/2015",0,,No Complaints,0,-119.454687,ADULT DAY PROGRAM,"04/12/2016, 05/21/2015, 12/20/2012",93268,KERN,204 VAN BUREN STREET,"04/12/2016, 05/21/2015, 12/20/2012",0,ASSOCIATION FOR RETARDED CITIZENS-TAFT,"ARC-TAFT, THE","HAGSTROM, MARYANN",TAFT,35.153599,2,45,0,3,4/12/2016,,
7/20/2005,LICENSED,(805) 644-0880,565801079,CA,31,1,10,"82087(a)(3), 82075(b), 82079(e)(3), 82075(b), 82075(5)(b), 82075(b), 82069(b), 80075(b), 80054(e), 80075(n)(1), 80075(b), 82076(a)13(17), 82061(a)","06/05/2015, 02/05/2015, 02/21/2014, 04/09/2012, 04/06/2012, 04/10/2012, 04/06/2012, 10/12/2011, 10/12/2011, 06/06/2011, 06/06/2011, 06/05/2015, 02/19/2015",1,,No Complaints,10,-119.222606,ADULT DAY PROGRAM,05/27/2015,93003,VENTURA,5101 WALKER STREET,"05/27/2015, 01/29/2015, 01/21/2015, 07/24/2014, 07/15/2014, 02/14/2014, 06/05/2012, 05/17/2012, 04/04/2012, 10/12/2011, 06/06/2011",0,"ARC OF VENTURA COUNTY, INC., THE",ARC-VENTURA COUNTY (WALKER STREET),ALICIA GOMEZ,VENTURA,34.259329,1,90,1,11,5/27/2015,"01/29/2015, 01/21/2015, 07/24/2014, 07/15/2014, 02/14/2014, 06/05/2012, 05/17/2012, 04/04/2012, 10/12/2011, 06/06/2011",
9/26/2008,CLOSED,(559) 226-6268,107204191,CA,24,1,5,"82087(c), 82065(a), 82076(22)(c), 82075(5)(B), 82075(a), 8000","09/17/2012, 07/09/2014, 01/29/2014, 08/21/2013, 10/27/2011, 08/11/2011",0,,No Complaints,7,-119.871643,ADULT DAY PROGRAM,09/14/2012,93722,FRESNO,5184 N. BLYTHE #101,"01/28/2015, 07/09/2014, 01/29/2014, 08/21/2013, 09/14/2012, 04/19/2012, 10/27/2011, 08/11/2011",0,ARC FRESNO,ARC FRESNO BLYTHE TRAINING CENTER,"RAMIREZ, LORI",FRESNO,36.811939,0,60,1,8,1/28/2015,"01/28/2015, 07/09/2014, 01/29/2014, 08/21/2013, 04/19/2012, 10/27/2011, 08/11/2011",3/10/2015
7/7/2006,LICENSED,(559) 226-6268,107203365,CA,24,2,5,"80087(a)(1), 80019(e)(1), 80075(n)(5), 80065(a), 80075(b)(5)(B), 82078, 82078 , 80078(a)","12/17/2015, 09/20/2012, 08/04/2011, 07/20/2015, 07/17/2014, 08/20/2013, 09/05/2012, 07/18/2011",0,,No Complaints,6,-119.85612,ADULT DAY PROGRAM,"09/18/2012, 08/04/2011",93711,FRESNO,4567 N. MARTY,"07/20/2015, 12/03/2014, 07/17/2014, 08/20/2013, 09/18/2012, 09/04/2012, 08/04/2011, 07/18/2011",0,ARC FRESNO,ARC FRESNO ENRICHMENT CENTER,JAMIE MARRASH,FRESNO,36.802259,0,125,2,8,12/16/2015,"07/20/2015, 12/03/2014, 07/17/2014, 08/20/2013, 09/04/2012, 07/18/2011",
7/18/2006,CLOSED,(559) 846-8003,107203426,CA,24,0,0,,,0,,No Complaints,1,-120.059838,ADULT DAY PROGRAM,,93630,FRESNO,662 S. MADERA AVENUE,12/17/2014,0,ARC FRESNO,ARC FRESNO KERMAN PRODUCTION CENTER,"RAMIREZ, LORI",KERMAN,36.724873,0,30,0,1,12/17/2014,12/17/2014,1/14/2015
6/15/2007,LICENSED,(559) 638-5959,107203534,CA,24,1,8,"82087(a), 80065(i)(2), 82075(B), 82075(b), 82078, 80075(5)(B), 80054(b)(1)	, 82078, 80075(5)(B), 82078, 82087(a), 80086(a)","12/20/2013, 04/29/2015, 12/13/2013, 10/14/2013, 10/14/2013, 04/19/2012, 02/21/2012, 02/21/2012, 08/23/2011, 08/23/2011, 12/20/2013, 05/06/2015",0,"['2', '0', '1', '1']",01/10/2014,5,-119.449154,ADULT DAY PROGRAM,04/22/2015,93654,FRESNO,1613 12TH STREET,"04/22/2015, 12/13/2013, 12/13/2013, 12/13/2013, 09/30/2013, 04/19/2012, 02/21/2012, 08/23/2011",2,ARC FRESNO,ARC FRESNO REEDLEY TRAINING CENTER,"RAMIREZ, LORI",REEDLEY,36.596181,1,45,1,8,4/22/2015,"12/13/2013, 09/30/2013, 04/19/2012, 02/21/2012, 08/23/2011",
1/15/2015,LICENSED,(559) 271-9612,107206895,CA,24,0,1,82072(a)(2),08/28/2015,0,,No Complaints,2,-120.054111,ADULT DAY PROGRAM,,93630,FRESNO,14550 W. CALIFORNIA AVENUE,"08/27/2015, 12/17/2014",0,"ARC FRESNO/MADERA COUNTIES, LORI RAMIREZ","ARC FRESNO/MADERA COUNTIES, KERMAN TRAINING CTR.","LIDDLE, THERESA",KERMAN,36.720216,0,100,0,2,8/27/2015,"08/27/2015, 12/17/2014",
11/21/2014,LICENSED,(760) 353-7440,134603455,CA,08,0,0,,,0,,No Complaints,2,-118.264939,ADULT DAY PROGRAM,,92243,IMPERIAL,1291 SOUTH HOPE STREET,"05/14/2014, 05/16/2014",0,ARC-IMPERIAL VALLEY,ARC IV BEHAVIOR MANAGEMENT PROGRAM,MARIA NEGRETE,EL CENTRO,34.040006,0,70,0,2,5/16/2014,"05/14/2014, 05/16/2014",
,PENDING,(760) 352-0309,134603455,CA,08,0,0,,,0,,No Complaints,2,-118.264939,ADULT DAY PROGRAM,,92243,IMPERIAL,1291 S. HOPE STREET,"05/14/2014, 05/16/2014",0,ARC IMPERIAL VALLEY,ARC IV BEHAVIOR MANAGEMENT PROGRAM,ARTURO SANTOS,EL CENTRO,34.040006,0,70,0,2,,"05/14/2014, 05/16/2014",
3/31/2004,LICENSED,(760) 353-7440,134601955,CA,08,2,0,,,0,,No Complaints,0,-118.112553,ADULT DAY PROGRAM,"05/16/2014, 08/14/2012",92244,IMPERIAL,298 E. ROSS AVE,"05/16/2014, 08/14/2012",0,ARC IMPERIAL VALLEY,ARC IV DEVELOPMENT CENTER,MARIA NEGRETE,EL CENTRO,34.072222,0,70,0,2,5/16/2014,,
2/24/2012,LICENSED,(510) 357-3569,019200406,CA,15,1,0,"82087(a), 82088.2(a), 82087(d), 82075(g)(1)(G), 82023(d), 82068.2(d)(1), 82065(g)(1), 82036(a)","02/24/2016, 02/18/2016, 02/24/2016, 02/24/2016, 02/24/2016, 02/24/2016, 02/24/2016, 03/23/2012",1,"['0', '1', '0', '0']",10/19/2015,4,-122.172869,ADULT DAY PROGRAM,02/17/2016,94577,ALAMEDA,14700 DOOLITTLE DRIVE,"02/17/2016, 10/07/2015, 10/07/2015, 05/24/2012, 04/26/2012, 04/06/2012, 03/09/2012",2,ARC OF ALAMEDA COUNTY,"ARC OF ALAMEDA COUNTY SAN LEANDRO SCOPE, THE",CECILIA CHAU-CONNOLLY,SAN LEANDRO,37.691997,7,70,0,7,6/3/2016,"05/24/2012, 04/26/2012, 04/06/2012, 03/09/2012",
7/9/2004,LICENSED,(510) 357-3569,019200135,CA,15,1,0,"82078 , 82068 (b), 82068.2d1","05/25/2012, 06/04/2012, 06/04/2012",1,"['2', '0', '0', '2']",06/11/2012,7,-122.075065,ADULT DAY PROGRAM,07/24/2013,94541,ALAMEDA,1101 WALPERT STREET,"04/22/2016, 07/29/2014, 02/25/2014, 12/19/2013, 10/15/2013, 07/24/2013, 07/30/2012, 05/25/2012, 05/25/2012",1,ARC OF ALAMEDA CO WALPERT ALTERNATIVE VENTURES PRO,"ARC OF ALAMEDA COUNTY WALPERT AVP, THE","TUTTLE, RENEE",HAYWARD,37.668655,0,120,0,9,4/22/2016,"04/22/2016, 07/29/2014, 02/25/2014, 12/19/2013, 10/15/2013, 07/30/2012, 05/25/2012",
6/18/2010,LICENSED,(510) 357-3569,019200361,CA,15,1,1,"82087(a)(3), 82019(e)(2) , 82019(f)(1), 80088(e)(1)","06/19/2015, 06/19/2015, 08/19/2011, 06/24/2015",0,,No Complaints,5,-117.271553,ADULT DAY PROGRAM,06/18/2015,94577,ALAMEDA,14700 DOOLITTLE STREET,"04/05/2016, 06/18/2015, 01/12/2015, 10/15/2013, 08/18/2011, 08/18/2011",0,"ARC OF ALAMEDA COUNTY, THE","ARC OF ALAMEDA CO. ALTERNATIVE VENTURES PROG., THE",SHANNON JURICH,SAN LEANDRO,34.095781,1,60,2,6,4/5/2016,"04/05/2016, 01/12/2015, 10/15/2013, 08/18/2011, 08/18/2011",
4/13/2005,CLOSED,(510) 357-3727,019200155,CA,15,0,0,,,0,,No Complaints,0,-122.166642,ADULT DAY PROGRAM,,94577,ALAMEDA,2700 MERCED STREET,,0,"ARC OF ALAMEDA COUNTY, THE",ARC OF ALAMEDA CO. SAN LEANDRO SCOPE,ANDREA WHITE,SAN LEANDRO,37.703263,0,70,0,0,4/14/2011,,2/24/2012
11/16/1999,LICENSED,(510) 477-0899,015600390,CA,15,1,0,"82070(b), 82069(b)4, 82087(a)3, 82087(a)","01/12/2012, 01/12/2012, 01/12/2012, 01/19/2012",0,,No Complaints,3,-122.659155,ADULT DAY PROGRAM,12/30/2011,94587,ALAMEDA,34135 SEVENTH STREET,"05/13/2016, 12/10/2013, 12/30/2011, 08/16/2011",0,"ARC-ALAMEDA COUNTY, THE","ARC OF ALAMEDA CO., UC SCOPE/ALTERNATIVE VENTURES",PHYLLIS PIPPINS-ROBERSON,UNION CITY,38.973224,4,149,0,4,5/13/2016,"05/13/2016, 12/10/2013, 08/16/2011",
10/27/1994,LICENSED,(209) 754-4001,057000034,CA,27,1,0,82019(e)(2),10/30/2013,0,,No Complaints,0,-119.71376,ADULT DAY PROGRAM,10/29/2013,95249,CALAVERAS,153 BELLVIEW,10/29/2013,0,"ARC OF AMADOR AND CALAVERAS, THE","ARC OF AMADOR AND CALAVERAS, THE",KARYN GREGORIUS,SAN ANDREAS,37.05634,0,40,1,1,12/29/2015,,
10/27/1994,LICENSED,(209) 267-5978,037000102,CA,27,2,0,82061(a),10/18/2013,0,,No Complaints,0,-120.806341,ADULT DAY PROGRAM,"10/27/2015, 10/16/2013",95685,AMADOR,75 ACADEMY DRIVE,"10/27/2015, 10/16/2013",0,ARC OF AMADOR/CALAVERAS,ARC OF AMADOR/CALAVERAS,KARYN GREGORIUS,SUTTER CREEK,38.377879,1,45,0,2,10/27/2015,,
2/28/2008,LICENSED,(530) 532-1272,045002089,CA,25,1,0,"82075(f), 820087(a)","10/10/2013, 11/04/2013",0,,No Complaints,0,-121.543123,ADULT DAY PROGRAM,10/03/2013,95966,BUTTE,2745 ORO DAM BLVD.,10/03/2013,0,"ARC OF BUTTE COUNTY, INC., THE","ARC OF BUTTE COUNTY - OROVILLE, THE","MCGINNIS, MICHAEL",OROVILLE,39.508501,2,45,0,1,10/3/2013,,
3/3/1999,LICENSED,(530) 891-5865,045000756,CA,25,2,0,"82087(d), 82070(10)","10/24/2014, 10/24/2014",0,,No Complaints,1,-121.822203,ADULT DAY PROGRAM,"10/03/2014, 01/18/2012",95928,BUTTE,2040 PARK AVE,"10/03/2014, 04/10/2012, 01/18/2012",0,"ARC OF BUTTE COUNTY, THE","ARC OF BUTTE COUNTY, THE","MCGINNIS, MICHAEL",CHICO,39.718428,2,90,0,3,10/3/2014,04/10/2012,
7/18/2011,LICENSED,(760) 740-6800,374603127,CA,08,0,3,"82065.5 b , 82087  3 a , 82078 A ","02/05/2015, 08/24/2011, 08/24/2011",0,,No Complaints,9,-117.130868,ADULT DAY PROGRAM,,92069,SAN DIEGO,"1336 RANCHEROS DRIVE, STE 100","03/25/2016, 03/18/2016, 02/26/2016, 02/17/2016, 02/05/2016, 02/03/2015, 09/20/2012, 08/18/2011, 07/14/2011",0,"ARC OF SAN DIEGO-NORTH COUNTY TRAINING CENTER, THE","ARC OF SAN DIEGO-NORTH COUNTY TRAINING CENTER, THE","ORCUTT, LAURA",SAN MARCOS,33.13588,0,200,0,9,3/25/2016,"03/25/2016, 03/18/2016, 02/26/2016, 02/17/2016, 02/05/2016, 02/03/2015, 09/20/2012, 08/18/2011, 07/14/2011",
9/26/1993,LICENSED,(619) 427-7524,370803192,CA,08,1,0,"82078, 85077(a), 80078(a), 82087  A 3 , 82065 F 9 A 1 ","02/12/2016, 11/06/2015, 11/06/2015, 07/22/2011, 02/12/2016",0,"['2', '0', '1', '1', '11/19/2015', '1', '0', '2', '0', '12/08/2014', '0', '1', '0', '0', '09/17/2011', '0', '1', '0', '0']",03/03/2016,13,-117.043028,ADULT DAY PROGRAM,07/08/2011,91911,SAN DIEGO,1280 NOLAN AVENUE,"03/30/2016, 02/12/2016, 11/24/2015, 11/05/2015, 06/26/2015, 04/14/2015, 08/06/2014, 02/24/2014, 07/12/2013, 03/22/2013, 03/07/2013, 02/20/2013, 11/27/2012, 10/16/2012, 07/05/2012, 11/08/2011, 09/07/2011, 07/08/2011",4,ASSOCIATION FOR RETARDED CITIZENS-STARLIGHT CENTER,"ARC OF SAN DIEGO - STARLIGHT CENTER, THE",TERRI THORN,CHULA VISTA,32.614923,0,186,1,18,3/30/2016,"03/30/2016, 11/24/2015, 06/26/2015, 04/14/2015, 02/24/2014, 07/12/2013, 03/22/2013, 03/07/2013, 02/20/2013, 11/27/2012, 10/16/2012, 07/05/2012, 11/08/2011",
5/22/1993,CLOSED,(760) 726-2250,370808542,CA,08,0,0,,,0,,No Complaints,0,-117.253447,ADULT DAY PROGRAM,,92083,SAN DIEGO,1221 RIDGE ROAD,,0,"ASSOC. FOR RETARDED CITIZENS, N. SAN DIEGO COUNTY","ARC OF SAN DIEGO, THE",LAURA ORCUTT,VISTA,33.181695,0,125,0,0,1/9/2008,,7/18/2011
12/13/1992,LICENSED,(858) 715-3780,370808543,CA,08,1,3,"80078(a) , 82072 A 3, 82065(a), 82065(a), 87468(a)(3), 82072(a)(8), 82065.1(a)(1), 82019(f)(1)","06/18/2014, 05/03/2012, 05/24/2016, 04/05/2016, 09/21/2013, 01/23/2015, 08/25/2015, 09/27/2013",2,"['0', '1', '0', '0', '03/05/2015', '1', '0', '0', '1', '12/02/2014', '1', '0', '1', '0', '05/10/2012', '1', '0', '1', '0']",02/23/2016,9,-117.123196,ADULT DAY PROGRAM,10/11/2011,92123,SAN DIEGO,9575 AERO DRIVE,"05/24/2016, 04/04/2016, 04/01/2016, 02/02/2016, 07/28/2015, 12/30/2014, 07/23/2014, 07/23/2014, 07/22/2014, 07/03/2014, 06/17/2014, 09/20/2013, 05/03/2012, 10/11/2011",4,"ARC OF SAN DIEGO, THE","ARC OF SAN DIEGO, THE",STEPHEN HOJSAN,SAN DIEGO,32.80764,0,152,0,14,5/24/2016,"05/24/2016, 04/04/2016, 04/01/2016, 07/28/2015, 07/23/2014, 07/23/2014, 07/22/2014, 07/03/2014, 09/20/2013",
9/28/1999,LICENSED,(209) 521-9877,507001326,CA,27,2,0,80019(e)(3),08/30/2013,0,"['0', '1', '0', '0']",11/26/2013,1,-121.000786,ADULT DAY PROGRAM,"06/02/2016, 08/29/2013",95356,STANISLAUS,4801A STRATOS WAY,"06/02/2016, 03/18/2015, 11/21/2013, 11/21/2013, 08/29/2013",2,"ARC OF STANISLAUS COUNTY, THE","ARC OF STANISLAUS-COMMUNITY TRAINING, THE",BETTY ARWOOD,MODESTO,37.709367,0,90,1,5,6/2/2016,03/18/2015,
2/6/2008,LICENSED,(805) 240-1620,565801544,CA,31,1,7,"82075(b), 82078, 82078, 82078, 82072(a)(1), 82064(c)(6), 82075(b), 82072(a)(1), 82068.5(a,b)(1), 82066(a)12(a), 82088(e), 82070(b)(18), 11-30-12, 82069(b)(5), 82068.3(a), 82061(a)(1)(D)","07/08/2015, 04/29/2015, 10/10/2014, 08/19/2013, 08/19/2013, 02/15/2013, 07/18/2011, 08/23/2013, 03/01/2013, 02/27/2014, 02/27/2014, 02/28/2013, 11/30/2012, 11/19/2012, 11/19/2012, 11/19/2012",5,"['1', '0', '0', '1', '03/08/2013', '1', '0', '0', '1']",08/22/2013,23,-119.178128,ADULT DAY PROGRAM,02/04/2014,93036,VENTURA,"416 NORTH A"" ST.""","09/01/2015, 07/06/2015, 04/27/2015, 12/10/2014, 11/21/2014, 10/10/2014, 09/15/2014, 08/27/2014, 04/10/2014, 02/04/2014, 01/23/2014, 11/13/2013, 08/19/2013, 08/09/2013, 08/09/2013, 05/01/2013, 04/26/2013, 02/25/2013, 02/13/2013, 11/05/2012, 10/19/2012, 09/14/2012, 08/20/2012, 07/06/2012, 07/18/2011, 07/18/2011",2,"ARC OF VENTURA COUNTY, INC., THE","ARC OF VENTURA COUNTY - OXNARD, THE",JUAN GARCIA,OXNARD,34.206183,2,90,0,26,9/1/2015,"09/01/2015, 07/06/2015, 04/27/2015, 12/10/2014, 11/21/2014, 10/10/2014, 09/15/2014, 08/27/2014, 04/10/2014, 01/23/2014, 11/13/2013, 08/19/2013, 08/09/2013, 05/01/2013, 04/26/2013, 02/13/2013, 11/05/2012, 10/19/2012, 09/14/2012, 08/20/2012, 07/06/2012, 07/18/2011, 07/18/2011",
6/1/2009,LICENSED,(619) 685-1175,374602842,CA,08,1,1,"80019(e)(2), 82072(a)(3) ","05/22/2014, 10/02/2012",0,,No Complaints,7,-117.128497,ADULT DAY PROGRAM,05/22/2014,92102,SAN DIEGO,3030 MARKET STREET,"06/04/2015, 06/03/2015, 05/28/2015, 01/22/2015, 11/06/2014, 08/14/2014, 05/22/2014, 09/21/2012",0,"ARC OF SAN DIEGO, THE",ARC SULPIZIO FAMILY ARC CENTER,MELANIE MCCOY,SAN DIEGO,32.712278,0,135,1,8,4/26/2016,"06/04/2015, 06/03/2015, 05/28/2015, 01/22/2015, 11/06/2014, 08/14/2014, 09/21/2012",
2/21/2007,LICENSED,(805) 520-0399,565801424,CA,31,1,0,"82087(a)(3), 82088(e)(3)","04/21/2015, 04/30/2015",0,,No Complaints,5,-118.692714,ADULT DAY PROGRAM,04/15/2015,93063,VENTURA,5143 COCHRAN STREET,"04/23/2015, 04/15/2015, 07/14/2014, 05/27/2014, 03/27/2012, 08/10/2011",0,"ARC VENTURA COUNTY, INCORPORATED",ARC VC-COCHRAN,JOANNE ABRUZZESE,SIMI VALLEY,34.279772,1,90,1,6,4/23/2015,"04/23/2015, 07/14/2014, 05/27/2014, 03/27/2012, 08/10/2011",
5/4/2005,LICENSED,(805) 389-7319,565801116,CA,31,1,8,"?1503.2, 82078, 82019(e) 2, 82065(f), 80078(a), 82072(a)123, 82019(e)(2), 82065.5(a), 82076(a)(1), 82088(e)(1), 82061(a)(1)(B), 82068.5(b)(1), 82061(a)(1)B, 82064(c)(15), 82068(7)","02/08/2016, 08/24/2012, 06/21/2011, 06/15/2011, 06/14/2011, 06/24/2011, 06/14/2011, 06/15/2011, 05/23/2014, 02/11/2016, 07/20/2011, 06/27/2011, 06/24/2011, 06/24/2011, 06/24/2011",6,,No Complaints,14,-119.077595,ADULT DAY PROGRAM,05/09/2014,93010,VENTURA,280 SKYWAY DRIVE,"04/12/2016, 04/12/2016, 02/17/2016, 02/12/2016, 02/05/2016, 09/25/2015, 09/14/2015, 07/16/2015, 09/29/2014, 05/09/2014, 08/20/2012, 07/20/2011, 07/20/2011, 06/21/2011, 06/14/2011",0,"ARC VENTURA COUNTY, INC.",ARC VENTURA COUNTY-SKYWAY DRIVE,KEVIN GIESREGEN,CAMARILLO,34.205948,1,106,0,15,4/12/2016,"04/12/2016, 04/12/2016, 02/17/2016, 02/12/2016, 02/05/2016, 09/25/2015, 09/14/2015, 07/16/2015, 09/29/2014, 08/20/2012, 07/20/2011, 07/20/2011, 06/21/2011, 06/14/2011",
10/31/2005,LICENSED,(805) 652-0541,197606385,CA,29,1,3,"82079(e)(3), 82087(a)(3), 80078(a), 80075(b)(1)(B) ","08/08/2014, 07/26/2013, 08/19/2011, 08/16/2013",1,,No Complaints,10,-119.265263,ADULT DAY PROGRAM,09/28/2015,93003,LOS ANGELES,295 S. ARCADE DRIVE,"03/18/2016, 11/19/2015, 09/28/2015, 02/11/2015, 12/04/2014, 08/05/2014, 07/08/2014, 07/26/2013, 05/08/2012, 10/03/2011, 08/19/2011",0,ARC VENTURA COUNTY,ARC VENTURA COUNTY(ARCADE),MARY KAY BURKE-SAWYER,VENTURA,34.27395,0,100,0,11,3/18/2016,"03/18/2016, 11/19/2015, 02/11/2015, 12/04/2014, 08/05/2014, 07/08/2014, 07/26/2013, 05/08/2012, 10/03/2011, 08/19/2011",
7/3/2002,LICENSED,(510) 568-3331,019200015,CA,15,1,1,"82088(e)(1), 82019(e)(1), 80068.2(d), 82087(a)","08/27/2011, 12/30/2014, 09/26/2011, 09/26/2011",0,,No Complaints,7,-122.147412,ADULT DAY PROGRAM,08/26/2011,94577,ALAMEDA,311 MACARTHUR BLVD.,"12/17/2015, 12/17/2015, 06/25/2015, 12/30/2014, 07/16/2014, 10/25/2013, 10/16/2013, 08/26/2011",0,STEPPING STONES GROWTH CENTER,"ARTFUL STEPS PROGRAM, THE","BEHR, JANET",SAN LEANDRO,37.740031,2,28,1,8,12/17/2015,"12/17/2015, 12/17/2015, 06/25/2015, 12/30/2014, 07/16/2014, 10/25/2013, 10/16/2013",
10/24/1997,LICENSED,(530) 242-0173,455000523,CA,25,1,1,"82087(a)(3), 82010","08/15/2014, 04/18/2013",0,,No Complaints,5,-122.3858,ADULT DAY PROGRAM,08/08/2014,96003,SHASTA,491 LAKE BLVD,"08/08/2014, 12/05/2013, 04/24/2013, 04/18/2013, 02/08/2012, 02/02/2012",0,ARTISTIC ENDEAVORS INC.,ARTISTIC ENDEAVORS,"CORY, LAURIE L.",REDDING,40.614231,0,45,1,6,8/8/2014,"12/05/2013, 04/24/2013, 04/18/2013, 02/08/2012, 02/02/2012",
8/31/2004,CLOSED,(510) 970-9750,079200069,CA,15,0,0,,,0,,No Complaints,0,-122.324945,ADULT DAY PROGRAM,,94805,CONTRA COSTA,12240 SAN PABLO AVE.,,0,"ASIAN COMMUNITY MENTAL HEALTH BOARD, INC.",ASIAN FAMILY RESOURCE CENTER,ESTHER WONG,RICHMOND,37.934672,0,30,0,0,11/5/2010,,1/3/2012
1/1/2012,LICENSED,(510) 970-9750,079200268,CA,15,0,0,,,0,,No Complaints,1,-122.324945,ADULT DAY PROGRAM,,94805,CONTRA COSTA,12240 SAN PABLO AVE,12/02/2011,0,CONTRA COSTA ARC,ASIAN FAMILY RESOURCE CENTER,MINDY MING-SAN LEE,RICHMOND,37.934672,0,30,0,1,12/2/2011,12/02/2011,
9/8/1997,LICENSED,(805) 527-1358,565800253,CA,31,1,2,"82078, 82065(a), 82054 (c)","03/28/2013, 03/28/2013, 03/28/2013",1,"['0', '5', '0', '0']",03/18/2015,3,-118.737686,ADULT DAY PROGRAM,07/19/2012,93063,VENTURA,3340 E. LOS ANGELES AVENUE,"04/15/2015, 12/19/2014, 08/20/2014, 03/28/2013, 07/19/2012, 06/07/2012",2,"ARC VENTURA COUNTY, NON-PROFIT CORPORATION",ASSOCIATION FOR RETARDED CITIZENS - VENTURA,PAULA JOHNSON,SIMI VALLEY,34.271746,0,90,0,6,9/3/2015,"04/15/2015, 03/28/2013, 06/07/2012",
5/4/1993,LICENSED,(909) 884-6484,360900865,CA,18,3,0,,,0,,No Complaints,3,-119.644845,ADULT DAY PROGRAM,"05/13/2014, 06/25/2013, 06/11/2012",92410,SAN BERNARDINO,796 E. SIXTH STREET,"11/12/2014, 05/13/2014, 06/25/2013, 06/10/2013, 03/07/2013, 06/11/2012",0,ASSOCIATION FOR RETARDED CITIZENS SAN BDNO AREA,ASSOCIATION FOR RETARDED CITIZENS SAN BDNO AREA,"OXNEVAD, KRISTINA",SAN BERNARDINO,36.325978,0,70,0,6,11/12/2014,"11/12/2014, 06/10/2013, 03/07/2013",
,PENDING,(805) 688-3263,425802103,CA,29,0,0,,,0,,No Complaints,0,-120.14005,ADULT DAY PROGRAM,,93463,SANTA BARBARA,636 ATTERDAG ROAD,,0,CHRISTOPHER W PARKER EXECUTIVE DIRECTOR,ATTERDAG VILLAGE OF SOLVANG,"PARKER, CHRISTOPHER W",SOLVANG,34.600923,0,8,0,0,,,
1/30/2002,LICENSED,(530) 888-6580,317001743,CA,27,2,0,"82087(a)(3), 82075(f), 82088(f)(1), 82087(a), 82092.1(5)(B), 82087(a)","03/27/2012, 03/27/2012, 04/02/2012, 04/16/2012, 04/02/2012, 04/16/2012",0,,No Complaints,1,-121.098556,ADULT DAY PROGRAM,"04/06/2016, 03/26/2012",95603,PLACER,11960 HERITAGE OAK PLACE #10,"04/06/2016, 06/11/2012, 03/26/2012",0,RESCARE CALIFORNIA DBA RCCA SERVICES,AUBURN CAP,TIFFANY HENRY,AUBURN,38.940536,3,50,3,3,4/6/2016,06/11/2012,
8/31/2011,CLOSED,(916) 354-9786,347004718,CA,27,0,0,,,0,,No Complaints,1,-121.085698,ADULT DAY PROGRAM,,95683,SACRAMENTO,15068 COZUMEL DRIVE,08/11/2011,0,AUNTIES NEIGHBORHOOD INC.,AUNTIES NEIGHBORHOOD,"HAINES, PAMELA",RANCHO MURIETA,38.490753,0,5,0,1,8/11/2011,08/11/2011,3/15/2012
5/10/1988,LICENSED,(323) 666-1121,191800735,CA,31,1,0,"82019(e)(1), 82087(a)(3), 82072(a)(1), 82065(g)(1), 82065(a), 82088(e)(1) , 82065.1(d)(1), 82068(a) , 82069(a)","01/15/2013, 01/22/2015, 02/12/2015, 01/15/2013, 01/15/2013, 02/05/2015, 02/05/2015, 02/05/2015, 02/05/2015",0,"['1', '2', '0', '1', '02/17/2013', '2', '4', '1', '2']",01/28/2015,0,-118.297078,ADULT DAY PROGRAM,01/22/2015,90027,LOS ANGELES,1510-12 N. KENMORE AVE.,"01/22/2015, 01/22/2015, 01/22/2015, 01/15/2013, 01/15/2013, 01/15/2013",5,"MARTIN, JR., WILLIAM WILEY",AUTUMN COTTAGE ADULT DAY CARE,"MARTIN, WILLIAM W.",LOS ANGELES,34.098554,4,40,1,6,1/22/2015,,
2/1/1990,LICENSED,(626) 564-0191,191221427,CA,28,3,0,"82065 (i)(2), 82087(a), 82069(b)(1), 82065.1(d), 82087(a)","01/18/2013, 01/29/2013, 02/10/2012, 02/10/2012, 02/10/2012",0,"['0', '2', '0', '0']",10/27/2011,1,-118.092625,ADULT DAY PROGRAM,"01/15/2015, 01/18/2013, 01/27/2012",91107,LOS ANGELES,60 NORTH DAISY AVENUE,"01/15/2015, 01/24/2013, 01/18/2013, 01/27/2012, 08/29/2011",1,LUTHERAN SOCIAL SERVICES OF SOUTHERN CALIFORNIA,AVANTI ADULT SERVICES,MARTIN GORDON,PASADENA,34.147307,4,131,1,5,1/15/2015,01/24/2013,
8/17/2010,LICENSED,(530) 550-8034,297004640,CA,27,1,0,"82068.3(a), 82092.1(a)(5), 82019(e)(2)","02/26/2013, 02/26/2013, 02/26/2013",0,"['1', '1', '1', '0']",09/27/2013,0,-120.181715,ADULT DAY PROGRAM,02/25/2013,96161,NEVEDA,11025 PIONEER TRAIL #102,"02/25/2013, 02/25/2013, 02/25/2013",2,CHOICES TRANSITIONAL SERVICES (TAAP DAY PROGRAM),AVENUES,"HOWARD, ALLYSON",TRUCKEE,39.334504,0,30,2,3,2/25/2013,,
4/13/2015,LICENSED,(442) 999-5740,374603572,CA,08,0,0,,,0,,No Complaints,4,-117.088278,ADULT DAY PROGRAM,,92025,SAN DIEGO,562 W GRAND AVENUE,"06/11/2015, 03/12/2015, 03/11/2015, 08/12/2014",0,AVID BEHAVIORAL DAY PROGRAM CORP,AVID BEHAVIORAL DAY PROGRAM,SARAI MARCELIN,ESCONDIDO,33.118673,0,30,0,4,6/11/2015,"06/11/2015, 03/12/2015, 03/11/2015, 08/12/2014",
,CLOSED,(760) 691-9622,374603553,CA,08,0,0,,,0,,No Complaints,0,-117.075478,ADULT DAY PROGRAM,,92025,SAN DIEGO,"1408 S ESCONDIDO BLVD, SUITE A",,0,AVID BEHAVIORAL DAY PROGRAM CORP,AVID BEHAVIORAL DAY PROGRAM CORP,"MAHARAJ, LORENA",ESCONDIDO,33.108475,0,30,0,0,,,2/25/2014
6/20/2012,CLOSED,(530) 392-4820,317004994,CA,27,1,0,,,0,,No Complaints,5,-121.096896,ADULT DAY PROGRAM,09/16/2014,95603,PLACER,11768 ATWOOD ROAD #30,"10/09/2014, 10/09/2014, 09/16/2014, 09/16/2014, 05/22/2012, 04/05/2012",0,"A.I.M & ASSOCIATES, INC.",A.I.M. & ASSOCIATES-510 ADULT DEVELOPMENT PROGRAM,"BRANDON, JANET D.",AUBURN,38.933757,0,30,0,6,9/16/2014,"10/09/2014, 10/09/2014, 09/16/2014, 05/22/2012, 04/05/2012",9/17/2015
9/16/2015,LICENSED,(530) 575-5251,317005904,CA,27,0,0,,,0,,No Complaints,1,-121.099629,ADULT DAY PROGRAM,,95603,PLACER,11930 HERITAGE OAK PLACE STE.4,09/09/2015,0,"A.I.M. & ASSOCIATES, INC.","A.I.M. & ASSOCIATES, 510 ADULT DEVELOPMENT PROGRAM",JANET D. BRANDON,AUBURN,38.940291,0,30,0,1,9/9/2015,09/09/2015,
1/5/1999,LICENSED,(925) 825-0263,075600310,CA,15,1,4,"82087(e)		, 82087(a), 82087(b)	, 82010","10/31/2013, 10/31/2013, 10/31/2013, 05/29/2013",0,,No Complaints,4,-122.034012,ADULT DAY PROGRAM,03/15/2013,94520,CONTRA COSTA,"2151 SALVIO ST., SUITE V","10/30/2013, 06/26/2013, 05/29/2013, 05/29/2013, 03/15/2013",0,"FUTURES EXPLORED, INC.",A.L.I.V.E,"MUSANTE, PENNY",CONCORD,37.977935,0,45,0,5,10/30/2013,"10/30/2013, 06/26/2013, 05/29/2013, 05/29/2013",
11/14/2005,LICENSED,(661) 945-7290,197605704,CA,31,2,1,"82087(a)(3), 82072(a)(1), 80061(b), 82068.2(b), 82075(f), 82068.3(a), 82075(b)","10/25/2011, 10/17/2012, 08/29/2014, 07/10/2015, 07/10/2015, 11/01/2011, 02/05/2013",1,"['0', '1', '0', '0', '03/11/2015', '1', '1', '0', '1', '01/29/2015', '0', '2', '0', '0']",12/03/2015,20,-118.141041,ADULT DAY PROGRAM,"10/25/2011, 07/02/2015",93534,LOS ANGELES,646 WEST LANCASTER BLVD.,"12/11/2015, 12/04/2015, 11/16/2015, 08/12/2015, 07/02/2015, 01/15/2015, 12/15/2014, 11/06/2014, 10/31/2014, 08/27/2014, 04/02/2014, 02/07/2014, 02/07/2014, 02/07/2014, 11/14/2013, 09/19/2013, 07/19/2013, 04/09/2013, 02/05/2013, 01/18/2013, 11/14/2012, 10/17/2012, 06/22/2012, 06/08/2012, 04/02/2012, 10/25/2011",4,ANTELOPE VALLEY FOUNDATION FOR THE D.D.'S,A.V. FOUNDATION FOR THE DEVELOPMENTALLY DISABLED,"STEVEN E. SULTAN, PH.D.",LANCASTER,34.69756,3,228,1,26,12/11/2015,"12/11/2015, 12/04/2015, 08/12/2015, 11/06/2014, 10/31/2014, 04/02/2014, 02/07/2014, 02/07/2014, 02/07/2014, 11/14/2013, 09/19/2013, 07/19/2013, 04/09/2013, 02/05/2013, 01/18/2013, 11/14/2012, 10/17/2012, 06/22/2012, 06/08/2012, 04/02/2012",
6/1/2009,LICENSED,(650) 312-9407,419210083,CA,14,3,1,"80019(e)(2), 82065(g)(1)","10/20/2011, 08/05/2013",0,,No Complaints,4,-122.308847,ADULT DAY PROGRAM,"05/29/2015, 04/11/2014, 08/15/2013",94403,SAN MATEO,191 WEST 25TH AVENUE,"05/29/2015, 04/11/2014, 04/04/2014, 04/04/2014, 08/15/2013, 05/04/2012, 10/19/2011",0,B AND L LEE DAY PROGRAM,B AND L LEE DAY PROGRAM,JENNIFER OCTABIANO,SAN MATEO,37.543069,1,32,0,7,5/29/2015,"04/04/2014, 04/04/2014, 05/04/2012, 10/19/2011",
8/11/2001,LICENSED,(510) 601-1074,015600591,CA,15,1,1,"82087(a)(3), 82088(e)(1), 82022(f), 82022(c)(1-4)","06/25/2013, 03/21/2012, 07/05/2013, 07/05/2013",0,,No Complaints,2,-122.269236,ADULT DAY PROGRAM,06/25/2013,94609,ALAMEDA,5714 MARTIN LUTHER KING WAY,"06/25/2013, 06/25/2013, 03/20/2012",0,BAY AREA COMMUNITY SERVICES,BACS ADULT DAY CARE SERVICES,"MACAULIFFE, BARBARA",OAKLAND,37.842488,2,30,1,3,6/25/2013,"06/25/2013, 03/20/2012",
1/25/2006,LICENSED,(510) 656-7742,019200193,CA,15,1,0,"82087(a)(3), 82075(f), 82066(a)(10), 82065.5(b)","01/13/2015, 01/19/2015, 01/19/2015, 01/19/2015",0,,No Complaints,3,-121.969471,ADULT DAY PROGRAM,01/12/2015,94538,ALAMEDA,40963 GRIMMER BLVD,"01/12/2015, 01/12/2015, 09/08/2011, 07/27/2011",0,"BAY AREA COMMUNITY SERVICES, INC",BACS ADULT DAY CARE/FREMONT,PRISCILLA MATHEWS,FREMONT,37.532099,3,42,1,4,08/07/2015,"01/12/2015, 09/08/2011, 07/27/2011",
6/1/1982,LICENSED,(661) 834-2272,150403669,CA,24,1,6,"82072(a)(1), 82078, 80078(a), 80078(a), 82078, 82074(c), 82072(a)(3), 80075(b), 82061(a)","02/23/2015, 07/30/2015, 02/23/2015, 12/30/2014, 03/22/2012, 08/18/2011, 06/30/2011, 04/02/2014, 03/22/2012",2,"['1', '0', '1', '0', '04/08/2014', '0', '1', '0', '0']",05/20/2015,10,-119.002254,ADULT DAY PROGRAM,02/09/2016,93307,KERN,2240 SOUTH UNION AVENUE,"02/11/2016, 02/09/2016, 07/29/2015, 07/10/2015, 02/23/2015, 02/23/2015, 12/30/2014, 03/26/2014, 01/17/2013, 12/04/2012, 12/04/2012, 03/22/2012, 08/18/2011, 06/30/2011",3,BAKERSFIELD ASSOCIATION FOR RETARDED CITIZENS,BAKERSFIELD ASSOC. FOR RETARDED CITIZENS(BARC),"HALLMAN, DOROTHY",BAKERSFIELD,35.322505,0,180,0,14,2/11/2016,"02/11/2016, 07/29/2015, 07/10/2015, 02/23/2015, 12/30/2014, 03/26/2014, 12/04/2012, 03/22/2012, 08/18/2011, 06/30/2011",
6/11/2001,CLOSED,(805) 815-3233,565800670,CA,29,0,7,"80078, 82075(a), 82078, 82065.5, 82054(c), 82072(a)(3), 82088(a)(1), 82087(a)(3), 82022(a)","06/28/2011, 04/17/2015, 08/30/2013, 02/04/2013, 01/16/2013, 01/31/2013, 01/18/2013, 01/18/2013, 05/19/2014",1,"['0', '1', '0', '0', '04/20/2015', '0', '1', '0', '0', '08/20/2014', '0', '1', '0', '0', '08/20/2014', '0', '3', '0', '0', '08/01/2014', '0', '1', '0', '0', '07/13/2014', '0', '1', '0', '0', '02/07/2013', '0', '1', '0', '0', '07/08/2011', '1', '0', '1', '0']",04/24/2015,14,-119.195619,ADULT DAY PROGRAM,,93030,VENTURA,421 S. VENTURA RD. STE#30,"04/15/2015, 04/15/2015, 03/16/2015, 01/09/2015, 09/15/2014, 07/28/2014, 06/30/2014, 05/14/2014, 05/14/2014, 04/11/2014, 02/19/2014, 08/30/2013, 08/21/2013, 05/22/2013, 02/13/2013, 02/01/2013, 02/01/2013, 01/16/2013, 06/25/2012, 05/02/2012, 01/20/2012, 06/28/2011",8,BONITA BALLARD,BALLARD VOCATIONAL SERVICE CENTER,BONITA BALLARD,OXNARD,34.19821,0,30,0,22,4/15/2015,"04/15/2015, 01/09/2015, 09/15/2014, 05/14/2014, 04/11/2014, 08/30/2013, 08/21/2013, 05/22/2013, 02/13/2013, 02/01/2013, 01/16/2013, 06/25/2012, 05/02/2012, 01/20/2012",2/23/2015
2/23/2015,LICENSED,(805) 815-3233,565801913,CA,29,0,0,,,0,,No Complaints,4,-118.251076,ADULT DAY PROGRAM,,93030,VENTURA,"3151 WEST 5TH STREET, #102","01/20/2016, 09/17/2015, 09/04/2015, 05/01/2014",0,"BALLARD, BONITA",BALLARD VOCATIONAL SERVICE CENTER,BONITA BALLARD,OXNARD,34.048471,0,60,0,4,5/16/2016,"01/20/2016, 09/17/2015, 09/04/2015, 05/01/2014",
8/14/1997,LICENSED,(760) 256-1030,366401845,CA,18,2,1,82019(e)(1),04/11/2014,0,,No Complaints,3,-116.999192,ADULT DAY PROGRAM,"08/17/2015, 06/18/2013",92311,SAN BERNARDINO,120 CAL AVENUE,"08/17/2015, 04/11/2014, 06/18/2013, 01/11/2012, 08/01/2011",0,BARSTOW EMPLOYMENT SPECIALIZED TRAINING OPPORTUNIT,BARSTOW EMPLOYMENT SPECIALIZED TRAINING OPPORTUNIT,KARIN ETHERIDGE,BARSTOW,34.889666,0,48,0,5,8/17/2015,"04/11/2014, 01/11/2012, 08/01/2011",
9/2/2010,LICENSED,(951) 735-5084,336424627,CA,18,1,0,,,0,"['0', '1', '0', '0']",07/16/2014,4,-121.284417,ADULT DAY PROGRAM,09/30/2011,92882,RIVERSIDE,1121 BRADFORD CIRCLE,"03/02/2015, 12/12/2014, 07/21/2014, 03/06/2014, 04/18/2012, 09/30/2011",1,MITZIE YODITES,BASIC OCCUPATIONAL TRAINING CENTER,"YODITES, MITZIE",CORONA,38.102978,0,65,0,6,3/2/2015,"03/02/2015, 12/12/2014, 07/21/2014, 04/18/2012",
4/26/2004,CLOSED,(951) 788-2349,336408864,CA,18,1,2,"82075(a), 82078","04/22/2014, 04/22/2014",0,"['0', '1', '0', '0']",01/09/2016,10,-117.349395,ADULT DAY PROGRAM,01/22/2013,92501,RIVERSIDE,1044 E. LA CADENA,"01/06/2016, 10/14/2014, 04/15/2014, 04/15/2014, 12/15/2013, 07/01/2013, 01/22/2013, 11/26/2012, 11/07/2012, 09/25/2012, 04/18/2012, 10/19/2011",1,MITZIE YODITES AS THE BASIC OCCUPATIONAL TRAINING,BASIC OCCUPATIONAL TRAINING CENTER,MITZIE YODITES,RIVERSIDE,34.003645,0,90,0,12,1/6/2016,"10/14/2014, 04/15/2014, 04/15/2014, 12/15/2013, 07/01/2013, 11/26/2012, 11/07/2012, 09/25/2012, 04/18/2012, 10/19/2011",4/15/2015
4/15/2015,LICENSED,(951) 788-2349,336426342,CA,18,0,4,"82061(A)(1)(e), 82061(a)(1)(E), 82078, 82078","10/28/2015, 10/28/2015, 10/28/2015, 10/28/2015",0,,No Complaints,4,-117.349395,ADULT DAY PROGRAM,,92507,RIVERSIDE,1044 E. LA CADENA,"04/08/2016, 10/27/2015, 08/03/2015, 12/12/2014",0,"YODITES & ASSOCIATES MANAGEMENT, LLC.",BASIC OCCUPATIONAL TRAINING CENTER,MITZIE YODITES,RIVERSIDE,34.003645,0,90,0,4,4/8/2016,"04/08/2016, 10/27/2015, 08/03/2015, 12/12/2014",
5/21/2004,LICENSED,(951) 487-2725,336409381,CA,18,1,0,"82065.1 (d)(a), 82064 (d), 82088(a)(1), 82076 (13)	, 80076(a)(7)","06/16/2016, 06/16/2016, 06/02/2016, 06/02/2016, 06/02/2016",0,"['0', '2', '0', '0']",02/21/2014,6,-116.96673,ADULT DAY PROGRAM,05/26/2016,92583,RIVERSIDE,1215 BUENA VISTA,"05/26/2016, 09/17/2015, 01/13/2015, 09/22/2014, 07/18/2014, 01/23/2014, 04/16/2013, 04/16/2013",1,"YODITES & ASSOCIATES MANAGEMENT, LLC",BASIC OCCUPATIONAL TRAINING CENTER SAN JACINTO,MITZIE YODITES,SAN JACINTO,33.775345,5,45,0,8,5/26/2016,"09/17/2015, 01/13/2015, 09/22/2014, 07/18/2014, 04/16/2013, 04/16/2013",
5/21/2004,LICENSED,(951) 657-8028,336409382,CA,18,2,1,"82019(e)(3), 80078(a)","04/28/2016, 12/15/2015",0,"['0', '1', '0', '0']",01/29/2014,20,-117.254994,ADULT DAY PROGRAM,"04/27/2016, 06/24/2015",92571,RIVERSIDE,1323 JET WAY,"05/24/2016, 04/27/2016, 12/29/2015, 12/15/2015, 12/01/2015, 10/29/2015, 10/26/2015, 10/16/2015, 06/24/2015, 06/24/2015, 10/14/2014, 01/16/2014, 01/16/2014, 11/01/2013, 10/09/2013, 06/27/2013, 12/13/2012, 11/16/2012, 09/26/2012, 07/25/2012, 05/10/2012, 05/03/2012, 04/18/2012",1,"YODITES & ASSOCIATES MANAGEMENT, LLC","BASIC OCCUPATIONAL TRAINING CENTER, INC.",MITZIE YODITES,PERRIS,33.863774,0,105,1,23,5/24/2016,"05/24/2016, 12/29/2015, 12/15/2015, 12/01/2015, 10/29/2015, 10/26/2015, 10/16/2015, 06/24/2015, 10/14/2014, 01/16/2014, 01/16/2014, 11/01/2013, 06/27/2013, 12/13/2012, 11/16/2012, 09/26/2012, 07/25/2012, 05/10/2012, 05/03/2012, 04/18/2012",
8/13/2009,LICENSED,(510) 830-6068,019200344,CA,15,1,0,"?1568.092, 82087(a)(3)(A), 82064(d), 82075(g)(1), 82065.1(d)(1), 82066(a), 82076 (a)(1), 82087(a)","06/03/2014, 06/03/2014, 06/10/2014, 06/10/2014, 06/10/2014, 06/10/2014, 06/10/2014, 06/10/2014",0,"['0', '2', '0', '0', '08/04/2014', '1', '0', '1', '0']",11/07/2014,0,-122.198052,ADULT DAY PROGRAM,06/03/2014,94601,ALAMEDA,5607 HOLWAY STREET,"10/29/2014, 06/03/2014, 06/03/2014",2,COMMUNITY HOUSING ALTERNATIVES INC.,BAY AREA ADULT DAY PROGRAM,CARLA HENRY,OAKLAND,37.769619,6,18,1,3,10/29/2014,,
6/15/2010,LICENSED,(831) 475-0888,445202097,CA,26,3,0,"82087(a)(3), 82023(d)(2), 82075(f)","06/18/2014, 06/18/2014, 05/22/2013",0,"['0', '1', '0', '0']",10/06/2015,10,-121.982126,ADULT DAY PROGRAM,"06/09/2015, 06/17/2014, 05/21/2013",95062,SANTA CRUZ,2301 17TH AVE.,"09/29/2015, 06/09/2015, 01/27/2015, 12/17/2014, 11/10/2014, 11/10/2014, 09/29/2014, 06/17/2014, 06/06/2014, 04/25/2014, 03/05/2014, 08/02/2013, 05/21/2013, 04/03/2012",1,MICHAEL CARLONE,BAYSIDE ADULT DAY ACTIVITY PROGRAM,DAN DORAN,SANTA CRUZ,36.982889,2,60,1,14,9/29/2015,"01/27/2015, 12/17/2014, 11/10/2014, 11/10/2014, 09/29/2014, 06/06/2014, 04/25/2014, 03/05/2014, 08/02/2013, 04/03/2012",
1/2/1997,LICENSED,(818) 843-4907,197601136,CA,31,2,1,"82064(c)(4),(6), 80065(a), 82064(c)(4),(6), 82072(a)(3), 82072(a)(1) , 80072(a)(3), 82061(a)(1)(D), 82066(a)(10), 80061(a)","09/24/2013, 09/24/2013, 09/24/2013, 09/24/2013, 09/24/2013, 02/03/2015, 09/30/2013, 02/01/2016, 01/04/2015",1,"['1', '0', '0', '0', '10/31/2014', '0', '1', '0', '0', '10/17/2013', '1', '0', '5', '1']",03/17/2015,3,-118.319999,ADULT DAY PROGRAM,"03/29/2012, 01/25/2016",91504,LOS ANGELES,230 E. AMHERST DR.,"01/25/2016, 11/12/2015, 02/03/2015, 01/28/2015, 08/21/2014, 09/23/2013, 06/04/2013, 03/29/2012",3,BURBANK CENTER FOR THE RETARDED,BCR  A PLACE TO GROW ,JULIE LARSEN,BURBANK,34.190552,1,60,0,8,3/24/2016,"11/12/2015, 01/28/2015, 06/04/2013",
,CLOSED,(714) 288-4200,306004602,CA,22,0,0,,,0,,No Complaints,0,-118.032717,ADULT DAY PROGRAM,,90623,ORANGE,24 CENTERPOINTE DRIVE,,0,"BEACON AUTISTIC SPECTRUM INDEPENDENCE CENTER, INC.",BEACON AUTISTIC SPECTRUM INDEPENDENCE CENTER,EDWARD MIGUEL,LA PALMA,33.861219,0,24,0,0,,,10/9/2014
5/21/2007,LICENSED,(707) 431-1345,496802029,CA,21,3,0,,,0,,No Complaints,2,-122.871107,ADULT DAY PROGRAM,"07/22/2015, 07/18/2013, 05/08/2012",95448,SONOMA,625 CENTER STREET,"07/22/2015, 07/18/2013, 07/18/2013, 12/04/2012, 05/08/2012",0,BECOMING INDEPENDENT,BECOMING INDEPENDENT-HEALDSBURG,"GRAY, APRIL",HEALDSBURG,38.616774,0,50,0,5,7/22/2015,"07/18/2013, 12/04/2012",
9/13/2005,CLOSED,(707) 524-6600,496801817,CA,21,1,0,"82019(e)(2), 82088(e)(3)","09/21/2012, 09/27/2012",0,,No Complaints,4,-122.751864,ADULT DAY PROGRAM,09/20/2012,95407,SONOMA,2194 NORTHPOINT PARKWAY,"02/25/2014, 09/20/2012, 06/22/2012, 06/22/2012, 06/22/2012",0,BECOMING INDEPENDENT,BECOMING INDEPENDENT-NORTHPOINT,"GRAY, APRIL",SANTA ROSA,38.414622,1,75,1,5,10/16/2012,"02/25/2014, 06/22/2012, 06/22/2012, 06/22/2012",7/2/2014
3/4/2004,LICENSED,(707) 524-6600,496801563,CA,21,1,2,"87205(l)(1), 82078, 82078, 82068.3(a)","03/16/2012, 10/01/2015, 06/25/2014, 07/15/2011",1,"['0', '1', '0', '0', '03/20/2012', '1', '0', '1', '0']",10/14/2015,16,-122.754666,ADULT DAY PROGRAM,02/13/2015,95407,SONOMA,1455 CORPORATE CENTER PKWY.,"04/19/2016, 12/11/2015, 09/30/2015, 09/30/2015, 09/18/2015, 08/26/2015, 02/13/2015, 08/29/2014, 06/18/2014, 02/13/2014, 05/02/2013, 12/04/2012, 11/14/2012, 10/24/2012, 08/24/2012, 03/15/2012, 01/06/2012, 01/06/2012, 06/30/2011",2,BECOMING INDEPENDENT,BECOMING INDEPENDENT-SANTA ROSA,"GRAY, APRIL",SANTA ROSA,38.41621,0,285,0,19,4/19/2016,"04/19/2016, 12/11/2015, 09/30/2015, 09/18/2015, 08/26/2015, 08/29/2014, 06/18/2014, 02/13/2014, 05/02/2013, 12/04/2012, 11/14/2012, 10/24/2012, 08/24/2012, 01/06/2012, 01/06/2012, 06/30/2011",
7/2/2014,LICENSED,(707) 524-6600,496803495,CA,21,0,0,,,0,"['0', '1', '0', '0']",12/22/2015,3,-122.754699,ADULT DAY PROGRAM,,95407,SONOMA,1425 CORPORATE CENTER PARKWAY,"09/14/2015, 09/14/2015, 04/21/2015, 03/09/2015, 06/18/2014",2,BECOMING INDEPENDENT,BECOMING INDEPENDENT-SANTA ROSA #2-VEC,"GRAY, APRIL",SANTA ROSA,38.4166,0,120,0,5,9/14/2015,"04/21/2015, 03/09/2015, 06/18/2014",
3/29/2004,LICENSED,(707) 996-5988,496801579,CA,21,2,0,"82087(a)(3), 82088(e)(1), 82087(a)","03/22/2013, 03/22/2013, 03/28/2013",0,,No Complaints,4,-122.464895,ADULT DAY PROGRAM,"03/21/2013, 03/22/2012",95476,SONOMA,355 WEST NAPA ST.,"09/30/2015, 07/29/2015, 07/09/2015, 01/06/2015, 03/21/2013, 03/22/2012",0,"BECOMING INDEPENDENT, INC",BECOMING INDEPENDENT-SONOMA VALLEY,APRIL GRAY,SONOMA,38.292047,1,60,2,6,9/30/2015,"09/30/2015, 07/29/2015, 07/09/2015, 01/06/2015",
8/27/2007,LICENSED,(626) 457-8718,198600769,CA,28,1,2,"82087(a)(3(A), 82087(a)(3), 82087(a), 82087.3, 82088(e)","03/23/2015, 03/23/2015, 09/17/2012, 09/17/2012, 04/03/2015",1,,No Complaints,2,-118.1468,ADULT DAY PROGRAM,08/15/2012,91803,LOS ANGELES,1919 PALM AVE,"09/16/2015, 03/20/2015, 08/15/2012",0,"BEHAVIOR EDUCATION & LEARNING INSTITUTE, INC",BEHAVIOR EDUCATION & LEARNING INSTITUTE,DANIELLE BERGER,ALHAMBRA,34.071409,2,75,0,3,9/16/2015,"09/16/2015, 03/20/2015",
5/21/2009,CLOSED,(530) 222-2718,455002252,CA,25,0,0,,,0,,No Complaints,0,-120.839486,ADULT DAY PROGRAM,,96002,SHASTA,1104 3RD STREET,,0,"BAKER, KAREN; MARONE, FRANK",BETA,"BAKER, KAREN",REDDING,35.331713,0,6,0,0,9/22/2009,,5/21/2013
10/25/2007,CLOSED,(530) 566-9684,045002056,CA,25,0,0,,,0,,No Complaints,0,-121.859373,ADULT DAY PROGRAM,,95926,BUTTE,"1274 NORTH CEDAR STREET, #A",,0,"BAKER, KAREN & MARONE, FRANK",BETA - CHICO,"BAKER, KAREN",CHICO,39.735322,0,6,0,0,12/2/2010,,9/11/2013
2/16/2010,LICENSED,(209) 599-7670,397004527,CA,27,3,0,,,0,,No Complaints,0,-117.761236,ADULT DAY PROGRAM,"09/04/2015, 09/23/2013, 02/16/2012",95366,SAN JOAQUIN,1010 WEST 2ND STREET,"09/04/2015, 09/23/2013, 02/16/2012",0,BETHANY HOME SOCIETY OF SAN JOAQUIN COUNTY INC,BETHANY ADULT DAY CARE,"HEATWOLE, JOYCE",RIPON,34.057287,0,12,0,3,9/4/2015,,
,CLOSED,(415) 586-4977,380501037,CA,14,1,1,"82087(a)(3), 82087(a)(3), 82087(a), 82087(a)","02/27/2012, 06/18/2012, 03/26/2012, 06/25/2012",1,,No Complaints,1,-122.446511,ADULT DAY PROGRAM,02/27/2012,94112,SAN FRANCISCO,2557 ALEMANY BLVD.,"06/18/2012, 02/27/2012",0,BETHEL CENTER FOR THE DEVELOPMENTALLY DISABLED INC,BETHEL CENTER,"LIPSCOMB, BEVERLY",SAN FRANCISCO,37.714723,1,30,1,2,6/18/2012,06/18/2012,9/17/2012
9/17/2012,CLOSED,(415) 586-4977,389210055,CA,14,3,0,"82019(f)(1), 82087(a) , 82066(d)(1)","02/05/2016, 02/12/2016, 02/12/2016",0,,No Complaints,2,-122.446511,ADULT DAY PROGRAM,"02/04/2016, 01/23/2015, 08/29/2013",94112,SAN FRANCISCO,2557 ALEMANY BLVD.,"03/21/2016, 02/04/2016, 01/23/2015, 08/29/2013, 06/18/2012",0,BETHESDA LUTHERAN COMMUNITIES-BETHEL CENTER,BETHESDA LUTHERAN COMMUNITIES-BETHEL CENTER,"LIPSCOMB, BEVERLY",SAN FRANCISCO,37.714723,2,30,1,5,3/21/2016,"03/21/2016, 06/18/2012",3/18/2016
6/30/2010,LICENSED,(559) 791-2000,107202378,CA,24,1,0,,,0,,No Complaints,1,-119.70531,ADULT DAY PROGRAM,01/24/2013,93612,FRESNO,"290 SHAW AVENUE, STE B2","01/24/2013, 01/24/2013",0,BETHESDA LUTHERAN COMMUNITIES,BETHESDA LUTHERAN COMMUNITIES-CLOVIS COMM.LIFE,"OGBEIDE, PHILIP",CLOVIS,36.808162,0,8,0,2,1/24/2013,01/24/2013,
12/8/2009,LICENSED,(530) 605-1866,455002290,CA,25,2,3,"80075(a), 82010, 82028(a))(b)(1), 82088(e)(1)","11/13/2015, 04/20/2012, 04/20/2012, 09/02/2014",0,,No Complaints,5,-122.350941,ADULT DAY PROGRAM,"08/21/2014, 02/21/2013",96002,SHASTA,"2875 CHURN CREEK ROAD, SUITE B","11/10/2015, 04/28/2015, 08/21/2014, 02/21/2013, 04/26/2012, 11/03/2011, 10/26/2011",0,"BETHESDA LUTHERAN COMMUNITIES, INC.",BETHESDA LUTHERAN COMMUNITIES-REFLECTIONS,"MCMILLS, JENNIE",REDDING,40.566083,1,30,0,7,11/10/2015,"11/10/2015, 04/28/2015, 04/26/2012, 11/03/2011, 10/26/2011",
,CLOSED,(559) 322-5611,107206857,CA,24,0,0,,,0,,No Complaints,1,-119.764333,ADULT DAY PROGRAM,,93710,FRESNO,1320 SHAW AVE. SUITE 139,11/14/2014,0,BETHESDA LUTHERAN COMMUNITIES,BETHESDA LUTHERAN COMMUNITIES - CLOVIS COMM. LIFE,"OGBEIDE, PHILIP",FRESNO,36.810213,0,8,0,1,11/14/2014,11/14/2014,1/28/2015
7/12/2013,LICENSED,(916) 627-8700,347005197,CA,27,1,0,82087(a)(3) ,03/11/2016,0,,No Complaints,3,-121.451664,ADULT DAY PROGRAM,03/10/2016,95823,SACRAMENTO,4508 BROOKFIELD DRIVE,"03/10/2016, 07/12/2013, 04/17/2013, 03/22/2013",0,BHDPC/BETTER HORIZONS DAY PROGRAM CORPORATION,BETTER HORIZONS DAY PROGRAM,"DIAZ, MONALYN",SACRAMENTO,38.482293,0,30,1,4,3/10/2016,"07/12/2013, 04/17/2013, 03/22/2013",
,CLOSED,(916) 627-8700,347004938,CA,27,0,0,,,0,,No Complaints,0,-121.419151,ADULT DAY PROGRAM,,95823,SACRAMENTO,7725 STOCKTON BLVD.,,0,BHDC (BETTER HORIZONS DEVELP. CORP),BETTER HORIZONS DAY PROGRAM,"RIVERA MARIE,BIENVENIDO,C",SACRAMENTO,38.47651,0,45,0,0,,,11/23/2011
2/23/2009,LICENSED,(408) 438-0377,435202124,CA,26,3,7,"82061(a)(1)(E), 82087(a)(3), 82087(a)(3), 82092.10, 82087(a)(3), 82088(e)(1), 82078, 82072(8)(E)(1), 82064(c)(5)(6)*, 82087c, 82019(e)(1), 82072(a)(3), 82061(b), 80061(b), 82064(d)(1), 82087(a), 82087(a), 82072(a)(3), 82065(a), 82065.1(a)(1), 82068.2(d)(1), 82026(h)(1), 82072(a)(2), 82078, 82068.2(d)(1), 82065.1(a)(1), 82072(a)(2), 82065.5, 82078, 82079(e)(1)(4), 82065(f)(4), 82065.1(d)(1), 82087(a), 82068.2(d)(1), 82078, 82066(a), 8888","09/10/2014, 12/10/2015, 01/14/2015, 01/07/2014, 01/07/2014, 01/07/2014, 04/11/2016, 01/17/2014, 01/14/2014, 09/05/2013, 08/23/2013, 08/23/2013, 08/23/2013, 06/11/2013, 12/10/2015, 12/09/2015, 02/13/2015, 01/06/2014, 01/06/2014, 04/11/2016, 04/11/2016, 04/08/2015, 07/11/2014, 07/10/2014, 07/11/2014, 07/11/2014, 06/30/2014, 06/30/2014, 06/25/2014, 01/21/2014, 01/17/2014, 01/17/2014, 09/13/2013, 09/06/2013, 09/06/2013, 08/23/2013, 08/22/2013",18,"['1', '1', '1', '0', '05/28/2014', '0', '1', '0', '0', '08/09/2013', '1', '0', '0', '1']",09/26/2014,17,-121.903944,ADULT DAY PROGRAM,"12/09/2015, 01/13/2015, 01/06/2014",95035,SANTA CLARA,1753 SOUTH MAIN STREET,"04/07/2016, 12/09/2015, 11/23/2015, 04/02/2015, 02/09/2015, 01/13/2015, 09/09/2014, 09/09/2014, 07/09/2014, 06/25/2014, 03/06/2014, 01/13/2014, 01/06/2014, 11/15/2013, 10/16/2013, 10/08/2013, 10/02/2013, 10/02/2013, 09/05/2013, 08/22/2013, 08/01/2013, 06/14/2013, 06/11/2013, 05/29/2013",4,"RESEARCH & RESULTS TEAM, LLC",BEYOND POTENTIAL LEARNING CENTER,CARMELA MAGPAYO,MILPITAS,37.406092,5,75,5,24,4/7/2016,"04/07/2016, 11/23/2015, 04/02/2015, 02/09/2015, 07/09/2014, 06/25/2014, 03/06/2014, 01/13/2014, 10/16/2013, 10/08/2013, 10/02/2013, 10/02/2013, 09/05/2013, 08/22/2013, 08/01/2013, 06/14/2013, 05/29/2013",
,CLOSED,(916) 429-2402,347005499,CA,27,0,0,,,0,,No Complaints,0,-121.451909,ADULT DAY PROGRAM,,95824,SACRAMENTO,4600 47TH AVENUE STE.111,,0,BLOSSOMDELL COMMUNITY INC.,BLOSSOMDELL COMMUNITY INC.,XIAMY LY-UANG,SACRAMENTO,38.509833,0,15,0,0,,,3/3/2015
5/19/2011,LICENSED,(909) 793-0433,366424635,CA,18,1,0,80087(a),09/14/2012,0,"['1', '0', '1', '0']",10/18/2012,0,-117.17059,ADULT DAY PROGRAM,05/26/2016,92374,SAN BERNARDINO,620 E. HIGHLAND,"05/26/2016, 09/12/2012",1,BRASWELL'S CHATEAU VILLA ADC,BRASWELL'S CHATEAU VILLA,"HEFNER, JANIE",REDLANDS,34.10973,0,30,0,2,5/26/2016,,
5/19/2011,LICENSED,(909) 793-0433,366424635,CA,19,1,0,80087(a),09/14/2012,0,"['1', '0', '1', '0']",10/18/2012,0,-117.17059,ADULT DAY PROGRAM,05/26/2016,92374,SAN BERNARDINO,620 E. HIGHLAND,"05/26/2016, 09/12/2012",1,BRASWELL'S CHATEAU VILLA ADC,BRASWELL'S CHATEAU VILLA,"HEFNER, JANIE",REDLANDS,34.10973,0,30,0,2,7/24/2014,,
5/6/2003,LICENSED,(530) 221-5251,455001380,CA,25,2,4,"82065(a), 80072(a)(1), 82065(a), 80072(a)(3), 85068.2 (b)(2), 82087(a)(3), 80072(a)(1), 85064(j)(4), 80072(a)(2), 82072, 82061(a)(1)(d), 80022(f), 82064(d), 82065.1(d)(1), H&S 1503.2, 82061(a)(1)(D) , 82061(a)(1)(D), 82079(e)(1-4)","05/31/2013, 05/31/2013, 05/02/2013, 04/19/2013, 04/19/2013, 05/29/2013, 11/08/2013, 04/19/2013, 04/19/2013, 10/31/2012, 05/31/2013, 05/22/2013, 05/25/2016, 05/25/2016, 05/25/2016, 03/04/2016, 05/02/2013, 11/23/2012",3,"['1', '0', '2', '1', '05/07/2013', '1', '0', '3', '1']",05/30/2013,13,-122.297955,ADULT DAY PROGRAM,"04/27/2016, 05/22/2013",96003,SHASTA,9560 CROSSROADS DRIVE,"04/27/2016, 02/23/2016, 10/20/2015, 04/13/2015, 10/23/2014, 12/05/2013, 11/22/2013, 11/07/2013, 07/09/2013, 05/22/2013, 05/22/2013, 05/14/2013, 04/18/2013, 04/18/2013, 12/04/2012, 10/24/2012, 08/02/2012",2,"ZIKAN, RODNEY",BRAVO PROGRAM,"ZIKAN, RODNEY",REDDING,40.565554,3,30,1,17,4/27/2016,"02/23/2016, 10/20/2015, 04/13/2015, 10/23/2014, 12/05/2013, 11/22/2013, 11/07/2013, 07/09/2013, 05/14/2013, 04/18/2013, 12/04/2012, 10/24/2012, 08/02/2012",
8/26/2005,LICENSED,(530) 221-5251,455001755,CA,25,2,1,"82075(a), 82066(g)(1), 82075(f)","02/25/2016, 08/30/2011, 08/30/2011",0,,No Complaints,4,-122.297277,ADULT DAY PROGRAM,"10/23/2014, 08/09/2011",96003,SHASTA,9552 CROSSROADS DRIVE,"02/23/2016, 12/02/2014, 10/23/2014, 02/01/2012, 09/06/2011, 08/09/2011",0,"ZIKAN, RODNEY",BRAVO PROGRAM - ACCESS CENTER,"ZIKAN, RODNEY",REDDING,40.565537,2,15,0,6,2/23/2016,"02/23/2016, 12/02/2014, 02/01/2012, 09/06/2011",
12/7/2001,LICENSED,(310) 418-3433,198203399,CA,28,1,5,"82022(a) , H&S Code 1180, 82072(a)(3)  , 82022(a) , 82072(a)(3)  , 82061(a), 82064(c)(10) , 82064(c)(10) , 82061(a), H&S Code 1180","07/31/2014, 08/08/2014, 07/31/2014, 07/24/2014, 07/24/2014, 08/08/2014, 08/08/2014, 08/23/2014, 07/31/2014, 08/23/2014",5,"['0', '1', '0', '0']",10/14/2011,3,-118.319704,ADULT DAY PROGRAM,12/09/2011,90501,LOS ANGELES,23734 ARLINGTON AVE.,"07/30/2014, 07/23/2014, 07/09/2014, 12/09/2011, 07/21/2011",1,"BETTIOL, TINA","BREAKTHROUGH SERVICES, INC.","BETTIOL, TINA",TORRANCE,33.808848,0,18,0,5,7/30/2014,"07/30/2014, 07/23/2014, 07/09/2014",
,PENDING,(323) 997-4409,197609124,CA,31,0,0,,,0,,No Complaints,1,-118.381359,ADULT DAY PROGRAM,,90069,LOS ANGELES,8730 W. SUNSET BLVD. SUITE 550,01/15/2016,0,"BREATHE WEHOTREATMENT SERVICES, LLC","BREATHE WEHO TREATMENT SERVICES, LLC",DEB HUGHES,WEST HOLLYWOOD,34.091103,0,30,0,1,1/15/2016,01/15/2016,
,PENDING,(323) 291-1221,198602221,CA,28,0,0,,,0,,No Complaints,0,-118.309089,ADULT DAY PROGRAM,,90062,LOS ANGELES,4301 S WESTERN AVE,,0,BRIGHTER DAYS ADULT CARE LLC,BRIGHTER DAYS ADULT CARE,"MIFFLIN, KEN",LOS ANGELES,34.005326,0,30,0,0,,,
